정답,연도,월,번호,단원,유형,서술형
3,2008,3,18,2008-03-18,[지칭추론],■ this의 특징에 해당하는 어구에 모두 파란색 표시하세요.
4,2008,3,19,2008-03-19,[지칭추론],■ dolphins의 행동에 해당하는 어구에 모두 빨간색 표시하세요.\r\n■ fish의 행동에 해당하는 어구에 모두 파란색 표시하세요.
5,2008,3,20,2008-03-20,[목적],■ 이 글을 쓴 상황에 해당하는 어구에 모두 빨간색 표시하세요.\r\n■ 이 글을 쓴 목적에 해당하는 어구에 모두 파란색 표시하세요.
5,2008,3,21,2008-03-21,[어법],■ 이 글의 문법적 의도를 설명하고 올바른 답을 고르세요.\r\n■ connection between the words kid and goat에 해당하는 어구에 모두 파란색 표시하세요.
3,2008,3,22,2008-03-22,[어법],■ Computer 교육을 일찍 해야한다에 해당하는 어구에 모두 빨간색 표시하세요.\r\n■ Computer 교육을 일찍 하면 안된다에 해당하는 어구에 모두 파란색 표시하세요.
4,2008,3,23,2008-03-23,[무관한문장],■ play에 해당하는 어구에 빨간색 표시하세요.\r\n■ learn에 해당하는 어구에 모두 파란색 표시하세요.
4,2008,3,24,2008-03-24,[빈칸],■ go through a whole process에 해당하는 어구에 모두 파란색 표시하세요.
5,2008,3,25,2008-03-25,[빈칸],■ people who are less happy에 해당하는 어구에 모두 빨간색 표시하세요.\r\n■ happy에 해당하는 어구에 모두 파란색 표시하세요.
3,2008,3,26,2008-03-26,[빈칸],■ nonsmoker에 해당하는 어구에 모두 빨간색 표시하세요.\r\n■ smoker에 해당하는 어구에 모두 파란색 표시하세요.
5,2008,3,27,2008-03-27,[빈칸],■ truth에 해당하는 어구에 모두 빨간색 표시하세요.\r\n■ not to tell the truth에 해당하는 어구에 모두 파란색 표시하세요.
2,2008,3,28,2008-03-28,[어휘],■ 요즘 food의 특징에 해당하는 어구에 모두 파란색 표시하세요.
4,2008,3,29,2008-03-29,[그림],■ 이글의 정답을 찾고 올바른 것으로 고치세요.
2,2008,3,30,2008-03-30,[주제],■ open the petals에 해당하는 어구에 모두 빨간색 표시하세요.\r\n■ open the petals에 반대 개념의 어구에 모두 파란색 표시하세요.
1,2008,3,31,2008-03-31,[연결사],■ good or fine과 비슷한 개념에 해당하는 어구에 모두 빨간색 표시하세요.\r\n■ good or fine의 반대 개념에 해당하는 어구에 모두 파란색 표시하세요.
3,2008,3,32,2008-03-32,[주장],■ hourglass에 해당하는 어구에 모두 빨간색 표시하세요.\r\n■ hourglass와 반대 개념에 해당하는 어구에 모두 파란색 표시하세요.
1,2008,3,33,2008-03-33,[주제],■ bright room에 해당하는 어구에 모두 빨간색 표시하세요.\r\n■ bright room의 장점에 해당하는 어구에 모두 파란색 표시하세요.
4,2008,3,34,2008-03-34,[주제],■ 요즘 children의 특징에 해당하는 어구에 모두 파란색 표시하세요.
5,2008,3,35,2008-03-35,[도표],■ 도표와 일치하지 않는 번호를 고르시고 올바르게 고치세요.
5,2008,3,36,2008-03-36,[일치불일치],■ 보기 번호에 해당하는 내용을 각각 찾아서 본문에 밑줄 표시하시고 각 보기에서 틀린 내용을 올바르게 고치세요.
3,2008,3,37,2008-03-37,[일치불일치],■ 보기 번호에 해당하는 내용을 각각 찾아서 본문에 밑줄 표시하시고 각 보기에서 틀린 내용을 올바르게 고치세요.
5,2008,3,38,2008-03-38,[요지],■ obey에 해당하는 어구에 모두 빨간색 표시하세요.\r\n■ break the rule에 해당하는 어구에 모두 파란색 표시하세요.\r\n■ 글쓴이의 주장에 해당하는 어구에 모두 밑줄 표시하세요.
2,2008,3,39,2008-03-39,[요지],■ exercise in the evening에 해당하는 어구에 모두 빨간색 표시하세요.\r\n■ exercising in the morning에 해당하는 어구에 모두 파란색 표시하세요.
3,2008,3,40,2008-03-40,[문장넣기],■ artificial light가 발명되기 전의 삶에 해당하는 어구에 모두 빨간색 표시하세요.\r\n■ artificial light가 발명된 후의 삶에 해당하는 어구에 모두 파란색 표시하세요.
3,2008,3,41,2008-03-41,[제목],■ Many people go to college의 이유에 해당하는 어구에 모두 파란색 표시하세요.
4,2008,3,42,2008-03-42,[제목],■ Antarctica의 특징 및 일반 사람들이 잘못된 생각에 해당하는 어구에 모두 빨간색 표시하세요.\r\n■ 글쓴이의 주장 및 예시에 해당하는 어구에 모두 파란색 표시하세요.
3,2008,3,43,2008-03-43,[심경분위기],■ 이 글의 분위기에 해당하는 어구에 모두 파란색 표시하세요.
1,2008,3,44,2008-03-44,[순서],■ 이 글에서 앞 문장과의 연결고리가 될 수 있는 연결사를 찾아 세모표시하시고 대명사가 있으면 앞 문장의 무엇을 나타내는지 쓰세요.\r\n■ Gene의 역할에 해당하는 어구에 모두 빨
1,2008,3,45,2008-03-45,[요약문완성],■ taking more time에 해당하는 어구에 모두 빨간색 표시하세요.\r\n■ taking more time의 이유에 해당하는 어구에 모두 파란색 표시하세요.
1,2008,3,46,2008-03-46,[장문3],■ 이 글에서 앞 문장과의 연결고리가 될 수 있는 연결사를 찾아 세모표시하시고 대명사가 있으면 앞 문장의 무엇을 나타내는지 쓰세요.\r\n■ merchant가 한 행동에 해당하는 어구에 모두 빨간색 표시하세요.\r\n■ stableboy가 한 행동에 해당하는 어구에 모두 파란색 표시하세요.
3,2008,3,47,2008-03-47,[장문3],
1,2008,3,48,2008-03-48,[장문3],
2,2008,3,49,2008-03-49,[장문2],■ uneasy feeling에 해당하는 어구에 모두 빨간색 표시하세요.\r\n■ felt very proud에 해당하는 어구에 모두 파란색 표시하세요.
2,2008,3,50,2008-03-50,[장문2],
5,2008,6,18,2008-06-18,[지칭추론],■ this의 특징에 해당하는 어구에 모두 파란색 표시하세요.
4,2008,6,19,2008-06-19,[지칭추론],■ Microprocessors의 기능에 해당하는 어구에 모두 빨간색 표시하세요.
1,2008,6,20,2008-06-20,[목적],■ 이 글을 쓴 배경에 해당하는 어구에 모두 빨간색 표시하세요.\r\n■ 이 글의 목적에 해당하는 어구에 모두 파란색 표시하세요.
4,2008,6,21,2008-06-21,[어법],"■ (A), (B), (C) 의 어법 출제의도를 서술하세요.\r\n■ 이 글의 핵심어에 동그라미 표시하시고, 핵심어의 특징에 해당하는 어구에 모두 파란색 표시하세요."
4,2008,6,22,2008-06-22,[어법],■ 각 문항 당 어법 출제 의도를 서술하세요.\r\n■ 이 글의 문제점에 해당하는 어구에 모두 빨간색 표시하세요.\r\n■ 문제점에 대한 해결책에 해당하는 어구에 모두 파란색 표시하세요.
3,2008,6,23,2008-06-23,[무관한문장],■ Information technology에 해당하는 어구에 모두 빨간색 표시하세요.\r\n■ Information technology와 반대 개념에 해당하는 어구에 모두 파란색 표시하세요.
5,2008,6,24,2008-06-24,[빈칸],■ childlike와 비슷한 개념에 해당하는 어구에 모두 빨간색 표시하세요.\r\n■ childlike와 반대 개념에 해당하는 어구에 모두 파란색 표시하세요.
1,2008,6,25,2008-06-25,[빈칸],■ sport의 분위기에 해당하는 어구에 모두 빨간색 표시하세요.\r\n■ social inequality 에 해당하는 어구에 모두 파란색 표시하세요.
4,2008,6,26,2008-06-26,[빈칸],"■ ""문제점""에 해당하는 어구에 모두 빨간색 표시하세요.\r\n■ ""해결책""에 해당하는 어구에 모두 파란색 표시하세요."
2,2008,6,27,2008-06-27,[빈칸],■ 핵심어에 동그라미 표시하세요.\r\n■ 핵심어가 소개한 목록에 해당하는 어구에 모두 파란색 표시하세요.
3,2008,6,28,2008-06-28,[어휘],"■ ""문제점""에 해당하는 어구에 모두 빨간색 표시하세요.\r\n■ ""해결책""에 해당하는 어구에 모두 파란색 표시하세요."
3,2008,6,29,2008-06-29,[그림],■ 이 글에서 틀린 부분을 찾으시고 올바르게 고치세요.
3,2008,6,30,2008-06-30,[심경분위기],■ 필자의 심경에 해당하는 어구에 모두 파란색 표시하세요.
2,2008,6,31,2008-06-31,[연결사],■ Computers can't operate in Swahili에 해당하는 어구에 모두 빨간색 표시하세요.\r\n■ change에 해당하는 어구에 모두 파란색 표시하세요.
1,2008,6,32,2008-06-32,[주장],■ small stuff에 해당하는 어구에 모두 빨간색 표시하세요.\r\n■ lose touch with the magic and beauty of life.에 해당하는 어구에 모두 파란색 표시하세요.
1,2008,6,33,2008-06-33,[주제],■ In the past에 해당하는 어구에 모두 빨간색 표시하세요.\r\n■ now에 해당하는 어구에 모두 파란색 표시하세요.
4,2008,6,34,2008-06-34,[주제],■ variable climate에 해당하는 어구에 모두 빨간색 표시하세요.\r\n■ discourages people에 해당하는 어구에 모두 파란색 표시하세요.
5,2008,6,35,2008-06-35,[도표],■ 도표에서 틀린 문장을 찾아서 올바르게 고치세요.
4,2008,6,36,2008-06-36,[일치불일치],"■ 각 문항에 해당하는 내용에 밑줄 표시하시고, 틀린 부분을 바로 고치세요."
4,2008,6,37,2008-06-37,[일치불일치],"■ 각 문항에 해당하는 내용에 밑줄 표시하시고, 틀린 부분을 바로 고치세요."
3,2008,6,38,2008-06-38,[문장넣기],■ 이 글에서 앞 문장과의 연결고리가 될 수 있는 연결사를 찾아 세모표시하시고 대명사가 있으면 앞 문장의 무엇을 나타내는지 쓰세요.\r\n■ Claudius가 한일에 해당하는 어구에 모두 빨간색 표시하세요.\r\n■ Valentine가 한일에 해당하는 어구에 모두 파란색 표시하세요.
2,2008,6,39,2008-06-39,[요지],"■ ""문제점""에 해당하는 어구에 모두 빨간색 표시하세요.\r\n■ ""해결책""에 해당하는 어구에 모두 파란색 표시하세요."
5,2008,6,40,2008-06-40,[요지],■ intentional exercise에 해당하는 어구에 모두 빨간색 표시하세요.\r\n■ intentional exercise의 반대 개념에 해당하는 어구에 모두 파란색 표시하세요.
4,2008,6,41,2008-06-41,[제목],■ 이 글의 핵심어에 동그라미 표시하세요.\r\n■ 핵심어의 특징에 해당하는 어구에 모두 파란색 표시하세요.
2,2008,6,42,2008-06-42,[제목],"■ ""winds""에 해당하는 어구에 모두 빨간색 표시하세요.\r\n■ ""effects""에 해당하는 어구에 모두 파란색 표시하세요."
4,2008,6,43,2008-06-43,[심경분위기],■ 이 글의 분위기에 해당하는 어구에 모두 파란색 표시하세요.
5,2008,6,44,2008-06-44,[순서],"■ 이 글에서 앞 문장과의 연결고리가 될 수 있는 연결사를 찾아 세모표시하시고 대명사가 있으면 앞 문장의 무엇을 나타내는지 쓰세요.\r\n■ ""문제점""에 해당하는 어구에 모두 빨간색 표시하세요.\r\n■ ""해결책"" 및 ""결과"" 에 해당하는 어구에 모두 파란색 표시하세요."
5,2008,6,45,2008-06-45,[요약문완성],"■ dog's character에 해당하는 어구에 모두 빨간색 표시하세요.\r\n■ ""suitable""에 해당하는 어구에 모두 파란색 표시하세요."
3,2008,6,46,2008-06-46,[장문3],■ 이 글에서 앞 문장과의 연결고리가 될 수 있는 연결사를 찾아 세모표시하시고 대명사가 있으면 앞 문장의 무엇을 나타내는지 쓰세요.\r\n■ Dad가 한 일에 해당하는 어구에 모두 빨간색 표시하세요.\r\n■ I가 한 일에 해당하는 어구에 모두 파란색 표시하세요.
4,2008,6,47,2008-06-47,[장문3],
2,2008,6,48,2008-06-48,[장문3],
2,2008,6,49,2008-06-49,[장문2],■ Person A의 주장에 해당하는 어구에 모두 빨간색 표시하세요.\r\n■ Person B의 주장에 해당하는 어구에 모두 파란색 표시하세요.
3,2008,6,50,2008-06-50,[장문2],
2,2008,9,18,2008-09-18,[지칭추론],■ here의 특징에 해당하는 어구에 모두 파란색 표시하세요.
2,2008,9,19,2008-09-19,[지칭추론],■ Julio Iglesias의 행동에 해당하는 어구에 모두 빨간색 표시하세요.\r\n■ doctor의 행동에 해당하는 어구에 모두 파란색 표시하세요.
4,2008,9,20,2008-09-20,[목적],■ 이 글을 쓴 배경에 해당하는 어구에 모두 빨간색 표시하세요.\r\n■ 이 글을 쓴 목적에 해당하는 어구에 모두 파란색 표시하세요.
2,2008,9,21,2008-09-21,[어법],■ 각 항목에 대한 문법적 출제 의도를 말하시고 정답을 고르세요.\r\n■ My wife and I에게 발생한 일에 해당하는 어구에 모두 빨간색 표시하세요.\r\n■ Farmer가 한일에 해당하는 어구에 모두 파란색 표시하세요.
4,2008,9,22,2008-09-22,[빈칸],■ The archers of the day가 한일 및 결과에 해당하는 어구에 모두 빨간색 표시하세요.\r\n■ The emperor가 한일 및 효과에 해당하는 어구에 모두 파란색 표시하세요.
2,2008,9,23,2008-09-23,[빈칸],■ Computer keyboards에 해당하는 어구에 모두 빨간색 표시하세요.\r\n■ main cause에 해당하는 어구에 모두 파란색 표시하세요.
1,2008,9,24,2008-09-24,[빈칸],■ Betty에 해당하는 어구에 모두 빨간색 표시하세요.\r\n■ Amanda에 해당하는 어구에 모두 파란색 표시하세요.
1,2008,9,25,2008-09-25,[빈칸],■ glittering jewel에 대한 owner의 태도에 해당하는 어구에 모두 빨간색 표시하세요.\r\n■ glittering jewel에 대한 rooster의 태도에 해당하는 어구에 모두 파란색 표시하세요.
5,2008,9,26,2008-09-26,[어법],■ 각 번호의 어법적 출제의도를 서술하시고 틀린 것을 올바르게 고치세요.\r\n■ 이 글에서 나타난 doctor와 mechanic의 공통점에 해당하는 어구에 모두 파란색 표시하세요.
4,2008,9,27,2008-09-27,[무관한문장],"■ ""문제점""에 해당하는 어구에 모두 빨간색 표시하세요.\r\n■ ""해결책""에 해당하는 어구에 모두 파란색 표시하세요."
2,2008,9,28,2008-09-28,[어휘],"■ ""say good things""에 해당하는 어구에 모두 빨간색 표시하세요.\r\n■ ""글 읽는 사람이 주의해야 할 점""에 해당하는 어구에 모두 파란색 표시하세요."
5,2008,9,29,2008-09-29,[심경분위기],■ 필자의 심경에 해당하는 어구에 모두 파란색 표시하세요.
4,2008,9,30,2008-09-30,[그림],■ 이 글의 정답을 찾으시고 알맞은 단어로 고치세요.
4,2008,9,31,2008-09-31,[연결사],■ field of science에 해당하는 어구에 모두 빨간색 표시하세요.\r\n■ field of science와 반대 개념에 해당하는 어구에 모두 파란색 표시하세요.
4,2008,9,32,2008-09-32,[주제],"■ ""문제점""에 해당하는 어구에 모두 빨간색 표시하세요.\r\n■ ""해결책""에 해당하는 어구에 모두 파란색 표시하세요."
1,2008,9,33,2008-09-33,[주제],■ family time에 해당하는 어구에 모두 빨간색 표시하세요.\r\n■ family time의 의미 혹은 가치에 해당하는 어구에 모두 파란색 표시하세요.
1,2008,9,34,2008-09-34,[주장],■ 이 글에서 필자가 처한 상황에 해당하는 어구에 모두 빨간색 표시하세요.\r\n■ 이 글에서 필자의 주장에 해당하는 어구에 모두 파란색 표시하세요.
2,2008,9,35,2008-09-35,[도표],■ 도표와 일치하지 않는 번호를 고르시고 올바르게 고치세요.
3,2008,9,36,2008-09-36,[일치불일치],■ 보기 번호에 해당하는 내용을 각각 찾아서 본문에 밑줄 표시하시고 각 보기에서 틀린 내용을 올바르게 고치세요.
2,2008,9,37,2008-09-37,[일치불일치],■ 보기 번호에 해당하는 내용을 각각 찾아서 본문에 밑줄 표시하시고 각 보기에서 틀린 내용을 올바르게 고치세요.
3,2008,9,38,2008-09-38,[요지],■ learn about nature에 해당하는 어구에 모두 빨간색 표시하세요.\r\n■ experience nature에 해당하는 어구에 모두 파란색 표시하세요.
4,2008,9,39,2008-09-39,[요지],■ original story에 해당하는 어구에 모두 빨간색 표시하세요.\r\n■ movie에 해당하는 어구에 모두 파란색 표시하세요.
4,2008,9,40,2008-09-40,[문장넣기],■ ordinary composer에 해당하는 어구에 모두 빨간색 표시하세요.\r\n■ success에 해당하는 어구에 모두 파란색 표시하세요.
4,2008,9,41,2008-09-41,[제목],■ earning close to a dollar에 해당하는 어구에 모두 빨간색 표시하세요.\r\n■ earning close to a dollar의 목적 및 이유에 해당하는 어구에 모두 파란색 표시하세요.
5,2008,9,42,2008-09-42,[제목],■ Dan and Ted에 해당하는 어구에 모두 빨간색 표시하세요.\r\n■ Uncle에 해당하는 어구에 모두 파란색 표시하세요.
2,2008,9,43,2008-09-43,[심경분위기],■ 이 글의 분위기에 해당하는 어구에 모두 파란색 표시하세요.
2,2008,9,44,2008-09-44,[순서],"■ 이 글에서 앞 문장과의 연결고리가 될 수 있는 연결사를 찾아 세모표시하시고 대명사가 있으면 앞 문장의 무엇을 나타내는지 쓰세요.\r\n■ Prime Minister의 철학, 행동원칙에 해당하는 어구에 모두 빨간색 표시하세요.\r\n■ Prime Minister 행동의 이유에 해당하는 어구에 모두 파란색 표시하세요."
1,2008,9,45,2008-09-45,[요약문완성],■ Sean의 생각 및 행동에 해당하는 어구에 모두 빨간색 표시하세요.\r\n■ I의 생각 및 행동에 해당하는 어구에 모두 파란색 표시하세요.
4,2008,9,46,2008-09-46,[장문3],■ 이 글에서 앞 문장과의 연결고리가 될 수 있는 연결사를 찾아 세모표시하시고 대명사가 있으면 앞 문장의 무엇을 나타내는지 쓰세요.\r\n■ painter의 행동에 해당하는 어구에 모두 빨간색 표시하세요.\r\n■ young boy의 행동에 해당하는 어구에 모두 파란색 표시하세요.
3,2008,9,47,2008-09-47,[장문3],
4,2008,9,48,2008-09-48,[장문3],
5,2008,9,49,2008-09-49,[장문2],■ person A의 주장 및 근거에 해당하는 어구에 모두 빨간색 표시하세요.\r\n■ person B의 주장 및 근거에 해당하는 어구에 모두 파란색 표시하세요.
4,2008,9,50,2008-09-50,[장문2],
3,2008,11,18,2008-11-18,[지칭추론],■ 이것의 특징에 해당하는 어구에 모두 빨간색 표시하세요.\r\n■ 이것의 기능에 해당하는 어구에 모두 파란색 표시하세요.
5,2008,11,19,2008-11-19,[지칭추론],■ A man이 한 행동에 해당하는 어구에 모두 빨간색 표시하세요.\r\n■ one of the shopkeepers가 한 행동에 해당하는 어구에 모두 파란색 표시하세요.
4,2008,11,20,2008-11-20,[목적],■ 이 글을 쓴 배경에 해당하는 어구에 모두 빨간색 표시하세요.\r\n■ 이 글을 쓴 목적에 해당하는 어구에 모두 파란색 표시하세요.
5,2008,11,21,2008-11-21,[어법],■ 문법적 출제 의도를 서술하시고 정답을 고르세요.\r\n■ 이글의 핵심어와 핵심어의 정의에 해당하는 어구에 모두 빨간색 표시하세요.\r\n■ 핵심어가 어떻게 진행되는지 해당하는 어구에 모두 파란색 표시하세요.\r\n■ 핵심어를 읽을 때 명심해야 할 점에 해당하는 어구에 모두 밑줄 표시하세요.
4,2008,11,22,2008-11-22,[어법],■ 각 항목에 대한 문법적 출제 의도를 말하시고 틀린 것은 올바르게 고치세요.\r\n■ 뉴턴의 생각 및 행동에 해당하는 어구에 모두 빨간색 표시하세요.\r\n■ 어머니의 생각 및 행동 해당하는 어구에 모두 파란색 표시하세요.
3,2008,11,23,2008-11-23,[무관한문장],■ 이 글의 핵심어에 동그라미 표시하세요.\r\n■ 글쓴이의 느낌에 해당하는 어구에 모두 파란색 표시하세요.
1,2008,11,24,2008-11-24,[빈칸],■ mother에 해당하는 어구에 모두 빨간색 표시하세요.\r\n■ daughter에 해당하는 어구에 모두 파란색 표시하세요.
1,2008,11,25,2008-11-25,[빈칸],■ Decades ago에 해당하는 어구에 모두 빨간색 표시하세요.\r\n■ Today에 해당하는 어구에 모두 파란색 표시하세요.
3,2008,11,26,2008-11-26,[빈칸],■ Augustus의 생각에 해당하는 어구에 모두 빨간색 표시하세요.\r\n■ Augustus의 정책에 해당하는 어구에 모두 파란색 표시하세요.
4,2008,11,27,2008-11-27,[빈칸],■ Sara가 한 말에 해당하는 어구에 모두 빨간색 표시하세요.\r\n■ 글쓴이가 Sara에게 한말에 해당하는 어구에 모두 파란색 표시하세요.
3,2008,11,28,2008-11-28,[어휘],■ 이 글의 핵심어 및 핵심어의 역할에 해당하는 어구에 모두 빨간색 표시하세요.\r\n■ 핵심어의 단점에 해당하는 어구에 모두 파란색 표시하세요.
4,2008,11,29,2008-11-29,[그림],■ 그림과 맞지 않는 번호를 고르시고 올바르게 고치세요.
4,2008,11,30,2008-11-30,[심경분위기],■ 초반 필자의 심정에 해당하는 어구에 모두 빨간색 표시하세요.\r\n■ 후반 필자의 심정에 해당하는 어구에 모두 파란색 표시하세요.
2,2008,11,31,2008-11-31,[연결사],■ 이 글의 주제문에 해당하는 어구에 모두 빨간색 표시하세요.\r\n■ 주제문을 뒷받침하기 위한 예시에 해당하는 어구에 모두 파란색 표시하세요.
5,2008,11,32,2008-11-32,[주장],■ 하지 말아야 할 것에 해당하는 어구에 모두 빨간색 표시하세요.\r\n■ 해야 할 것에 해당하는 어구에 모두 파란색 표시하세요.
1,2008,11,33,2008-11-33,[주제],■ expectation에 해당하는 어구에 모두 빨간색 표시하세요.\r\n■ essential qualities of a good book에 해당하는 어구에 모두 파란색 표시하세요.
4,2008,11,34,2008-11-34,[주제],■ hairstyle에 해당하는 어구에 모두 빨간색 표시하세요.\r\n■ personality에 해당하는 어구에 모두 파란색 표시하세요.
5,2008,11,35,2008-11-35,[도표],■ 도표의 내용과 일치하지 않는 문장을 올바로 고치세요.
4,2008,11,36,2008-11-36,[일치불일치],■ 각 문항에 대한 것을 본문에 모두 밑줄 표시하시고 일치하지 않는 내용은 올바르게 고치세요.
2,2008,11,37,2008-11-37,[일치불일치],■ 각 문항에 대한 것을 본문에 모두 밑줄 표시하시고 일치하지 않는 내용은 올바르게 고치세요.
2,2008,11,38,2008-11-38,[요지],■ fence의 단점에 해당하는 어구에 모두 빨간색 표시하세요.\r\n■ fence가 없을때 장점에 해당하는 어구에 모두 파란색 표시하세요.
2,2008,11,39,2008-11-39,[요지],■ 글 초반에 나타난 일반적인 사람들의 통념에 해당하는 어구에 모두 빨간색 표시하세요.\r\n■ 필자의 주장 및 근거에 해당하는 어구에 모두 파란색 표시하세요.
4,2008,11,40,2008-11-40,[문장넣기],■ 이 글에서 앞 문장과의 연결고리가 될 수 있는 연결사를 찾아 세모표시하시고 대명사가 있으면 앞 문장의 무엇을 나타내는지 쓰세요.\r\n■ 그림을 벽에 걸기 위한 과정에 해당하는 어구에 모두 빨간색 표시하세요.\r\n■ 그림을 벽에 걸고 난 후에 해당하는 어구에 모두 파란색 표시하세요.
2,2008,11,41,2008-11-41,[제목],■ IMAGE Gallery의 특징에 해당하는 어구에 모두 빨간색 표시하세요.\r\n■ visitor들이 할 수 있는 것에 해당하는 어구에 모두 파란색 표시하세요.
3,2008,11,42,2008-11-42,[제목],■ learn에 해당하는 어구에 모두 빨간색 표시하세요.\r\n■ forget에 해당하는 어구에 모두 파란색 표시하세요.
3,2008,11,43,2008-11-43,[심경분위기],■ 이 글의 분위기에 해당하는 어구에 모두 파란색 표시하세요.
5,2008,11,44,2008-11-44,[순서],■ 이 글에서 앞 문장과의 연결고리가 될 수 있는 연결사를 찾아 세모표시하시고 대명사가 있으면 앞 문장의 무엇을 나타내는지 쓰세요.\r\n■ 제시문에서 발생한 문제점에 해당하는 어구에 모두 빨간색 표시하세요.\r\n■ 알아낸 사실에 해당하는 어구에 모두 파란색 표시하세요.
3,2008,11,45,2008-11-45,[요약문완성],■ no라고 말하는 것의 이유 및 효과에 해당하는 어구에 모두 빨간색 표시하세요.\r\n■ no라고 말하는 것에 해당하는 어구에 모두 파란색 표시하세요.
4,2008,11,46,2008-11-46,[장문3],■ 이 글에서 앞 문장과의 연결고리가 될 수 있는 연결사를 찾아 세모표시하시고 대명사가 있으면 앞 문장의 무엇을 나타내는지 쓰세요.\r\n■ Dad의 행동 및 생각에 해당하는 어구에 모두 빨간색 표시하세요.\r\n■ 아들의 행동 및 생각에 해당하는 어구에 모두 파란색 표시하세요.
5,2008,11,47,2008-11-47,[장문3],
1,2008,11,48,2008-11-48,[장문3],
5,2008,11,49,2008-11-49,[장문2],"■ (A),(B)에서 academic tests에 해당하는 어구에 모두 빨간색 표시하세요.\r\n■ (A),(B)에서 academic tests와 반대 개념의 에 해당하는 어구에 모두 파란색 표시하세요."
3,2008,11,50,2008-11-50,[장문2],
3,2009,3,18,2009-03-18,[지칭추론],■ This의 특징에 해당하는 어구에 모두 파란색 표시하세요.
4,2009,3,19,2009-03-19,[지칭추론],■ Brian의 행동에 해당하는 어구에 모두 빨간색 표시하세요.\r\n■ father의 행동에 해당하는 어구에 모두 파란색 표시하세요.
3,2009,3,20,2009-03-20,[목적],■ 이 글을 쓴 배경에 해당하는 어구에 모두 빨간색 표시하세요.\r\n■ 이 글을 쓴 목적에 해당하는 어구에 모두 파란색 표시하세요.
2,2009,3,21,2009-03-21,[어법],"■ 각 항목에 대한 문법적 출제 의도를 말하시고 정답을 고르세요.\r\n■ ""mistake""에 해당하는 어구에 모두 빨간색 표시하세요.\r\n■ ""밝혀진 사실""에 해당하는 어구에 모두 파란색 표시하세요."
4,2009,3,22,2009-03-22,[어법],■ 각 항목에 대한 문법적 출제 의도를 말하시고 틀린 것은 올바르게 고치세요.\r\n■ Martin의 이사 가기 전의 태도에 해당하는 어구에 모두 빨간색 표시하세요.\r\n■ Martin의 이사 간 후 태도에 해당하는 어구에 모두 파란색 표시하세요.
3,2009,3,23,2009-03-23,[무관한문장],■ 아이들이 글을 읽을 줄 안다에 해당하는 어구에 모두 빨간색 표시하세요.\r\n■ 아이들이 두려워하는것/희망사항에 해당하는 어구에 모두 파란색 표시하세요.
1,2009,3,24,2009-03-24,[빈칸],■ takes away the right of revenge에 해당하는 어구에 모두 빨간색 표시하세요.\r\n■ gives the right에 해당하는 어구에 모두 파란색 표시하세요.
3,2009,3,25,2009-03-25,[빈칸],"■ ""food""에 해당하는 어구에 모두 빨간색 표시하세요.\r\n■ ""relation""에 해당하는 어구에 모두 파란색 표시하세요."
5,2009,3,26,2009-03-26,[빈칸],■ dinosaurs에 해당하는 어구에 모두 빨간색 표시하세요.\r\n■ reptiles 에 해당하는 어구에 모두 파란색 표시하세요.
4,2009,3,27,2009-03-27,[빈칸],■ 이 글의 상황에 해당하는 어구에 모두 빨간색 표시하세요.\r\n■ wrong messages에 해당하는 어구에 모두 파란색 표시하세요.
1,2009,3,28,2009-03-28,[어휘],"■ ""문제점""에 해당하는 어구에 모두 빨간색 표시하세요.\r\n■ ""해결책"" 및 ""효과""에 해당하는 어구에 모두 파란색 표시하세요."
3,2009,3,29,2009-03-29,[그림],■ 이 글에서 틀린 번호를 찾으시고 올바르게 고쳐쓰세요.
3,2009,3,30,2009-03-30,[심경분위기],■ 이 글에서 she의 심정에 해당하는 어구에 모두 파란색 표시하세요.
5,2009,3,31,2009-03-31,[연결사],■ dark and gloomy에 해당하는 어구에 모두 빨간색 표시하세요.\r\n■ generous and understanding에 해당하는 어구에 모두 파란색 표시하세요.
4,2009,3,32,2009-03-32,[주제],"■ ""문제점""에 해당하는 어구에 모두 빨간색 표시하세요.\r\n■ ""해결책"" 및 ""효과""에 해당하는 어구에 모두 파란색 표시하세요."
2,2009,3,33,2009-03-33,[주제],■ forget 에 해당하는 어구에 모두 빨간색 표시하세요.\r\n■ recall에 해당하는 어구에 모두 파란색 표시하세요.
2,2009,3,34,2009-03-34,[주장],■ Good looks에 해당하는 어구에 모두 빨간색 표시하세요.\r\n■ Good looks의 반대 개념에 해당하는 어구에 모두 파란색 표시하세요.
3,2009,3,35,2009-03-35,[도표],■ 이 글의 정답을 찾고 올바른 문장으로 고치세요.
5,2009,3,36,2009-03-36,[일치불일치],■ 이 글의 정답을 찾고 정답에 해당하는 문장에 형광펜 표시하세요.
1,2009,3,37,2009-03-37,[일치불일치],■ 이 글의 정답을 찾고 올바른 문장으로 고치세요.
2,2009,3,38,2009-03-38,[요지],■ 글쓴이가 어렸을 때 상황에 해당하는 어구에 모두 빨간색 표시하세요.\r\n■ 요즘 아이들에 해당하는 어구에 모두 파란색 표시하세요.
1,2009,3,39,2009-03-39,[요지],■ Knowledge에 해당하는 어구에 모두 빨간색 표시하세요.\r\n■ ability to think well에 해당하는 어구에 모두 파란색 표시하세요.
2,2009,3,40,2009-03-40,[순서],■ positive에 해당하는 어구에 모두 빨간색 표시하세요.\r\n■ negative에 해당하는 어구에 모두 파란색 표시하세요.
4,2009,3,41,2009-03-41,[제목],■ friendship에 해당하는 어구에 모두 빨간색 표시하세요.\r\n■ influence에 해당하는 어구에 모두 파란색 표시하세요.
3,2009,3,42,2009-03-42,[제목],■ environmental change에 해당하는 어구에 모두 빨간색 표시하세요.\r\n■ depends on us에 해당하는 어구에 모두 파란색 표시하세요.
3,2009,3,43,2009-03-43,[심경분위기],■ 이 글에서 분위기에 해당하는 어구에 모두 파란색 표시하세요.
2,2009,3,44,2009-03-44,[문장넣기],"■ ""문제점""에 해당하는 어구에 모두 빨간색 표시하세요.\r\n■ ""해결책"" 및 ""효과""에 해당하는 어구에 모두 파란색 표시하세요."
4,2009,3,45,2009-03-45,[요약문완성],■ many choice에 해당하는 어구에 모두 빨간색 표시하세요.\r\n■ add to the global warming gases에 해당하는 어구에 모두 파란색 표시하세요.
2,2009,3,46,2009-03-46,[장문3],■ (A)에서 Don의 생각과 그에 따른 행동방식에 대해서 설명하세요.\r\n■ (B)에서 친구가 필자에게 들려준 것은 무엇인가? 그것에 대한 필자의 반응은?\r\n■ (C)에서 Don의 생활 방식은 어떠하였는가?\r\n■ (D)에서 필자가 Don에 관하여 들은 소식은 무엇인가?
5,2009,3,47,2009-03-47,[장문3],
2,2009,3,48,2009-03-48,[장문3],
1,2009,3,49,2009-03-49,[장문2],■ 첫 번째 단락에서 Mark에게 발생한 일에 해당하는 어구에 모두 밑줄 표시하세요.\r\n■ Susan이 한 행동에 해당하는 어구에 모두 빨간색 표시하세요.\r\n■ 글쓴이가 한 행동에 해당하는 어구에 모두 파란색 표시하세요.
3,2009,3,50,2009-03-50,[장문2],
5,2009,6,18,2009-06-18,[지칭추론],■ 이것을 할 때 생각해야 할 점에 해당하는 어구에 모두 파란색 표시하세요.
4,2009,6,19,2009-06-19,[지칭추론],■ They[Them]가 될 수 있는 첫 번째 명사에 동그라미 표시하시고 They의 특징에 대한 어구에 모두 빨간색 표시하세요.\r\n■ They[Them]가 될 수 있는 두 번째 명사에 세모 표시하시고 They의 특징에 대한 어구에 모두 파란색 표시하세요.
1,2009,6,20,2009-06-20,[목적],"■ ""문제점""에 해당하는 어구에 모두 빨간색 표시하세요.\r\n■ ""해결책"" 및 ""효과""에 해당하는 어구에 모두 파란색 표시하세요."
4,2009,6,21,2009-06-21,[어법],■ 각 항목에 대한 문법적 출제 의도를 말하시고 정답을 고르세요.\r\n■ worry에 해당하는 어구에 모두 빨간색 표시하세요.\r\n■ hope에 해당하는 어구에 모두 파란색 표시하세요.
3,2009,6,22,2009-06-22,[어법],■ 각 항목에 대한 문법적 출제 의도를 말하시고 틀린 것은 올바르게 고치세요.\r\n■ 뮤지컬 Rent의 업적에 해당하는 어구에 모두 밑줄 표시하세요.\r\n■ Rent가 인기 있는 이유에 해당하는 어구에 모두 파란색 표시하세요.\r\n■ 공연 초반 발생한 상황에 해당하는 어구에 모두 빨간색 표시하세요.
4,2009,6,23,2009-06-23,[무관한문장],"■ ""문제점""에 해당하는 어구에 모두 빨간색 표시하세요.\r\n■ ""해결책"" 및 ""효과""에 해당하는 어구에 모두 파란색 표시하세요."
2,2009,6,24,2009-06-24,[빈칸],"■ 이 글의 핵심어에 동그라미 하시고, 핵심어의 정의에 밑줄 표시하세요.\r\n■ 핵심어를 하는 첫 번째 이유에 해당하는 어구에 모두 빨간색 표시하세요.\r\n■ 핵심어를 하는 두 번째 이유에 해당하는 어구에 모두 파란색 표시하세요."
3,2009,6,25,2009-06-25,[빈칸],■ worker의 특징에 해당하는 어구에 모두 빨간색 표시하세요.\r\n■ labor에 해당하는 어구에 모두 파란색 표시하세요.\r\n■ receive에 해당하는 어구에 모두 밑줄 표시하세요.
1,2009,6,26,2009-06-26,[빈칸],■ 주제를 뒷받침하기 위해 행한 실험의 조건에 해당하는 어구에 모두 빨간색 표시하세요.\r\n■ how money is spent에 해당하는 어구에 모두 파란색 표시하세요.
2,2009,6,27,2009-06-27,[빈칸],■ Keeping portion sizes에 해당하는 어구에 모두 빨간색 표시하세요.\r\n■ manage your calorie intake에 해당하는 어구에 모두 파란색 표시하세요.
1,2009,6,28,2009-06-28,[어휘],■ see something happen in a dream에 해당하는 어구에 모두 빨간색 표시하세요.\r\n■ experience the same thing later in real life에 해당하는 어구에 모두 파란색 표시하세요.
4,2009,6,29,2009-06-29,[그림],■ 도표에서 맞지 않는 번호를 올바로 고치세요.
4,2009,6,30,2009-06-30,[심경분위기],■ 이 글에서 필자의 심경에 해당하는 어구에 모두 파란색 표시하세요.
5,2009,6,31,2009-06-31,[연결사],■ Families who eat together에 해당하는 어구에 모두 빨간색 표시하세요.\r\n■ Families who eat together의 장점에 해당하는 어구에 모두 파란색 표시하세요.
3,2009,6,32,2009-06-32,[주제],■ 이 글의 핵심어에 동그라미 표시하세요.\r\n■ 핵심어에 대한 부모님의 생각에 해당하는 어구에 모두 빨간색 표시하세요.\r\n■ 핵심어에 대한 아이들의 생각에 해당하는 어구에 모두 파란색 표시하세요.
4,2009,6,33,2009-06-33,[주제],■ fad diet sweeps the country에 해당하는 어구에 모두 파란색 표시하세요.
2,2009,6,34,2009-06-34,[주장],■ filled with responsibilities에 해당하는 어구에 모두 빨간색 표시하세요.\r\n■ allow yourself to be bored에 해당하는 어구에 모두 파란색 표시하세요.
4,2009,6,35,2009-06-35,[도표],■ 도표의 내용과 일치하지 않는 문장을 올바로 고치세요.
5,2009,6,36,2009-06-36,[일치불일치],■ 각 문항에 대한 것을 본문에 모두 밑줄 표시하시고 일치하지 않는 내용은 올바르게 고치세요.
4,2009,6,37,2009-06-37,[일치불일치],■ 각 문항에 대한 것을 본문에 모두 밑줄 표시하시고 일치하지 않는 내용은 올바르게 고치세요.
1,2009,6,38,2009-06-38,[요지],■ sense of logic에 해당하는 어구에 모두 빨간색 표시하세요.\r\n■ appealing to the reader’s emotions에 해당하는 어구에 모두 파란색 표시하세요.
4,2009,6,39,2009-06-39,[요지],"■ ""문제점""에 해당하는 어구에 모두 빨간색 표시하세요.\r\n■ ""해결책"" 및 ""효과""에 해당하는 어구에 모두 파란색 표시하세요."
5,2009,6,40,2009-06-40,[순서],"■ 이 글에서 앞 문장과의 연결고리가 될 수 있는 연결사를 찾아 세모표시하시고 대명사가 있으면 앞 문장의 무엇을 나타내는지 쓰세요.\r\n■ ""문제점""에 해당하는 어구에 모두 빨간색 표시하세요.\r\n■ ""해결책"" 및 ""할 수 있는 일""에 해당하는 어구에 모두 파란색 표시하세요."
3,2009,6,41,2009-06-41,[제목],■ typical valentine shape에 해당하는 어구에 모두 빨간색 표시하세요.\r\n■ shape and size of a fist에 해당하는 어구에 모두 파란색 표시하세요.
2,2009,6,42,2009-06-42,[제목],■ climate change에 해당하는 어구에 모두 밑줄 표시하세요.\r\n■ serious impact에 해당하는 어구에 모두 파란색 표시하세요.\r\n■ advantages에 해당하는 어구에 모두 빨간색 표시하세요.
3,2009,6,43,2009-06-43,[심경분위기],■ 초반 분위기에 해당하는 어구에 모두 빨간색 표시하세요.\r\n■ 후반 분위기에 해당하는 어구에 모두 파란색 표시하세요.
3,2009,6,44,2009-06-44,[문장넣기],■ 이 글에서 앞 문장과의 연결고리가 될 수 있는 연결사를 찾아 세모표시하시고 대명사가 있으면 앞 문장의 무엇을 나타내는지 쓰세요.\r\n■ first taboo에 해당하는 어구에 모두 빨간색 표시하세요.\r\n■ second taboo에 해당하는 어구에 모두 파란색 표시하세요.
4,2009,6,45,2009-06-45,[요약문완성],■ 이 글의 핵심어에 동그라미 표시하세요.\r\n■ 핵심어의 정의 및 원인에 해당하는 어구에 모두 빨간색 표시하세요.\r\n■ 핵심어의 효과에 해당하는 어구에 모두 파란색 표시하세요.
1,2009,6,46,2009-06-46,[장문3],■ 이 글에서 앞 문장과의 연결고리가 될 수 있는 연결사를 찾아 세모표시하시고 대명사가 있으면 앞 문장의 무엇을 나타내는지 쓰세요.\r\n■ 글쓴이가 bum에게 가진 선입견에 해당하는 어구에 모두 빨간색 표시하세요.\r\n■ 글쓴이가 깨달은 점에 해당하는 어구에 모두 파란색 표시하세요.
2,2009,6,47,2009-06-47,[장문3],
3,2009,6,48,2009-06-48,[장문3],
3,2009,6,49,2009-06-49,[장문2],■ knowledge에 해당하는 어구에 모두 빨간색 표시하세요.\r\n■ knowledge와 반대 개념에 해당하는 어구에 모두 파란색 표시하세요.
2,2009,6,50,2009-06-50,[장문2],
4,2009,9,18,2009-09-18,[지칭추론],■ This의 특징에 해당하는 어구에 모두 파란색 표시하세요.
4,2009,9,19,2009-09-19,[지칭추론],■ Mr. Gibson의 행동에 해당하는 어구에 모두 빨간색 표시하세요.\r\n■ David의 행동에 해당하는 어구에 모두 파란색 표시하세요.
5,2009,9,20,2009-09-20,[어법],■ 각 항목에 대한 문법적 출제 의도를 말하시고 틀린 것은 올바르게 고치세요.\r\n■ Paul에 해당하는 어구에 모두 파란색 표시하세요.
5,2009,9,21,2009-09-21,[어법],■ 각 항목에 대한 문법적 출제 의도를 말하시고 정답을 고르세요.\r\n■ 이 글의 핵심어에 동그라미 표시하세요.\r\n■ 핵심어의 구성 및 특징에 해당하는 어구에 모두 파란색 표시하세요.
3,2009,9,22,2009-09-22,[무관한문장],■ They의 생각에 해당하는 어구에 모두 빨간색 표시하세요.\r\n■ 글쓴이의 생각에 해당하는 어구에 모두 파란색 표시하세요.
5,2009,9,23,2009-09-23,[빈칸],■ women에게 발생한 일에 해당하는 어구에 모두 파란색 표시하세요.\r\n■ women의 주장에 해당하는 어구에 모두 빨간색 표시하세요.
2,2009,9,24,2009-09-24,[빈칸],■ radio listeners의 행동에 해당하는 어구에 모두 빨간색 표시하세요.\r\n■ Orson Welles가 한일에 해당하는 어구에 모두 파란색 표시하세요.
3,2009,9,25,2009-09-25,[빈칸],■ mountain chain is being destroyed에 해당하는 어구에 모두 파란색 표시하세요.
2,2009,9,26,2009-09-26,[빈칸],■ see the world as a fixed amount of energy에 해당하는 어구에 모두 파란색 표시하세요.
2,2009,9,27,2009-09-27,[빈칸],■ 이 글의 핵심어에 동그라미 표시하세요.\r\n■ 핵심어의 정의 및 쓰임에 해당하는 어구에 모두 빨간색 표시하세요.\r\n■ 핵심어의 장점에 해당하는 어구에 모두 파란색 표시하세요.
5,2009,9,28,2009-09-28,[어휘],■ Please assist the police에 해당하는 어구에 모두 파란색 표시하세요.
4,2009,9,29,2009-09-29,[심경분위기],■ I의 심경에 해당하는 어구에 해당하는 어구에 모두 파란색 표시하세요.
4,2009,9,30,2009-09-30,[도표],■ 정답을 고르시고 올바른 어휘로 고치세요.(1점)
1,2009,9,31,2009-09-31,[연결사],■ not an easy language to spell에 해당하는 어구에 모두 파란색 표시하세요.
1,2009,9,32,2009-09-32,[주제],■ People from warmer regions에 해당하는 어구에 모두 빨간색 표시하세요.\r\n■ extremely cold climates에 해당하는 어구에 모두 파란색 표시하세요.
5,2009,9,33,2009-09-33,[주제],"■ 이 글의 핵심어에 동그라미 표시하시고, without ever knowing에 해당하는 어구에 모두 빨간색 표시하세요.\r\n■ without ever knowing의 결과에 해당하는 어구에 모두 파란색 표시하세요."
4,2009,9,34,2009-09-34,[주장],"■ ""문제점""에 해당하는 어구에 모두 빨간색 표시하세요.\r\n■ ""해결책"" 및 ""효과""에 해당하는 어구에 모두 파란색 표시하세요."
5,2009,9,35,2009-09-35,[도표],■ 이 문제의 정답을 고르고 올바르게 고치세요. (1점)
4,2009,9,36,2009-09-36,[일치불일치],■ 이 문제의 정답을 고르고 근거가 되는 문장에 밑줄 치세요. (1점)
5,2009,9,37,2009-09-37,[일치불일치],"■ 이 문제의 정답을 고르고 근거가 되는 문장에 밑줄 치시고, 올바르게 정답을 고치세요. (1점)"
3,2009,9,38,2009-09-38,[요지],■ Reading에 해당하는 어구에 모두 빨간색 표시하세요.\r\n■ Online reading에 해당하는 어구에 모두 파란색 표시하세요.
5,2009,9,39,2009-09-39,[요지],■ recognizing faces they’ve seen before에 해당하는 어구에 모두 빨간색 표시하세요.\r\n■ faces come from unfamiliar races에 해당하는 어구에 모두 파란색 표시하세요.
3,2009,9,40,2009-09-40,[문장넣기],■ 이 글의 핵심어에 동그라미 표시하세요.\r\n■ 핵심어의 장점에 해당하는 어구에 모두 빨간색 표시하세요.\r\n■ 핵심어의 단점에 해당하는 어구에 모두 파란색 표시하세요.
4,2009,9,41,2009-09-41,[제목],■ doctors에 해당하는 어구에 모두 빨간색 표시하세요.\r\n■ patients에 해당하는 어구에 모두 파란색 표시하세요.
4,2009,9,42,2009-09-42,[제목],■ Dinosaurs in movies에 해당하는 어구에 모두 빨간색 표시하세요.\r\n■ Dinosaurs의 진실에 해당하는 어구에 모두 파란색 표시하세요.\r\n■ The idea of fire­-breathing dinosaurs의 이유에 해당하는 어구에 모두 밑줄 표시하세요.
4,2009,9,43,2009-09-43,[목적],■ inexpensive ways to release your inner Cupid에 해당하는 어구에 모두 파란색 표시하세요.
2,2009,9,44,2009-09-44,[순서],■ Joel Cracraft가 첫 번째로 알아낸 사실에 해당하는 어구에 모두 빨간색 표시하세요.\r\n■ Joel Cracraft가 두 번째로 알아낸 사실에 해당하는 어구에 모두 파란색 표시하세요.
3,2009,9,45,2009-09-45,[요약문완성],■ proper mental exercise에 해당하는 어구에 모두 빨간색 표시하세요.\r\n■ proper mental exercise의 반대개념에 해당하는 어구에 모두 파란색 표시하세요.
4,2009,9,46,2009-09-46,[장문3],■ 이 글에서 앞 문장과의 연결고리가 될 수 있는 연결사를 찾아 세모표시하시고 대명사가 있으면 앞 문장의 무엇을 나타내는지 쓰세요.\r\n■ Susan의 행동 및 생각에 해당하는 어구에 모두 빨간색 표시하세요.\r\n■ 글쓴이의 행동 및 생각에 해당하는 어구에 모두 파란색 표시하세요.
4,2009,9,47,2009-09-47,[장문3],
3,2009,9,48,2009-09-48,[장문3],
3,2009,9,49,2009-09-49,[장문2],■ 이 글의 핵심어에 동그라미 표시하세요.\r\n■ 핵심어에 대해서 what should happen에 해당하는 어구에 모두 빨간색 표시하세요.\r\n■ 핵심어에 대해서 What actually occurs에 해당하는 어구에 모두 파란색 표시하세요.
5,2009,9,50,2009-09-50,[장문2],
1,2009,11,18,2009-11-18,[지칭추론],■ They의 특징에 해당하는 어구에 모두 파란색 표시하세요.
4,2009,11,19,2009-11-19,[지칭추론],■ Helen의 행동 및 생각에 해당하는 어구에 모두 빨간색 표시하세요.\r\n■ Ms. Sullivan의 행동 및 생각에 해당하는 어구에 모두 파란색 표시하세요.
5,2009,11,20,2009-11-20,[목적],■ 이 글을 쓴 배경에 해당하는 어구에 모두 빨간색 표시하세요.\r\n■ 이 글을 쓴 목적에 해당하는 어구에 모두 파란색 표시하세요.
2,2009,11,21,2009-11-21,[어법],■ 각 항목에 대한 문법적 출제 의도를 말하시고 정답을 고르세요.\r\n■ 이 글의 핵심어에 동그라미 표시하세요.\r\n■ define quite differently에 해당하는 어구에 모두 빨간색 표시하세요.\r\n■ define quite differently와 반대개념에 해당하는 어구에 모두 파란색 표시하세요.
3,2009,11,22,2009-11-22,[어법],■ 각 항목에 대한 문법적 출제 의도를 말하시고 틀린 것은 올바르게 고치세요.\r\n■ I의 행동에 해당하는 어구에 모두 빨간색 표시하세요.\r\n■ young women에게 발생한 일에 해당하는 어구에 모두 파란색 표시하세요.
4,2009,11,23,2009-11-23,[무관한문장],"■ 이 글의 핵심어 및 비슷한 의미의 어구에 동그라미 표시하세요.\r\n■ ""문제점""에 해당하는 어구에 모두 빨간색 표시하세요.\r\n■ ""해결책"" 및 ""효과""에 해당하는 어구에 모두 파란색 표시하세요."
4,2009,11,24,2009-11-24,[빈칸],■ 이 글의 핵심어에 동그라미 표시하세요.\r\n■ not always been so universally available에 해당하는 어구에 모두 파란색 표시하세요.
3,2009,11,25,2009-11-25,[빈칸],■ Writers의 특징에 해당하는 어구에 모두 빨간색 표시하세요.\r\n■ Writer의 행동에 대한 우리의 대응에 해당하는 어구에 모두 파란색 표시하세요.
3,2009,11,26,2009-11-26,[빈칸],■ uncertainties of life에 해당하는 어구에 모두 빨간색 표시하세요.\r\n■ 글쓴이의 주장에 해당하는 어구에 모두 파란색 표시하세요.
5,2009,11,27,2009-11-27,[빈칸],"■ ""문제점""에 해당하는 어구에 모두 빨간색 표시하세요.\r\n■ ""해결책"" 및 ""효과""에 해당하는 어구에 모두 파란색 표시하세요."
3,2009,11,28,2009-11-28,[어휘],■ Winning the lottery에 해당하는 어구에 모두 파란색 표시하세요.\r\n■ doesn’t always make you happy에 해당하는 어구에 모두 빨간색 표시하세요.
2,2009,11,29,2009-11-29,[그림],■ 낱말의 쓰임이 적절하지 않은 곳을 적절하게 수정하시오.
3,2009,11,30,2009-11-30,[심경분위기],■ 초반 소방대원의 심경에 해당하는 어구에 모두 빨간색 표시하세요.\r\n■ 후반 소방대원의 심경에 해당하는 어구에 모두 파란색 표시하세요.
4,2009,11,31,2009-11-31,[연결사],"■ 이 글의 핵심어에 동그라미 표시하세요.\r\n■ ""문제점""에 해당하는 어구에 모두 빨간색 표시하세요.\r\n■ ""해결책"" 및 ""효과""에 해당하는 어구에 모두 파란색 표시하세요."
3,2009,11,32,2009-11-32,[주장],■ 글쓴이가 제기한 문제에 해당하는 어구에 모두 빨간색 표시하세요.\r\n■ 글쓴이의 주장에 해당하는 어구에 모두 파란색 표시하세요.
1,2009,11,33,2009-11-33,[주제],■ Nannies에 해당하는 어구에 모두 빨간색 표시하세요.\r\n■ highly-educated nannies에 해당하는 어구에 모두 파란색 표시하세요.
5,2009,11,34,2009-11-34,[주제],■ stress에 해당하는 어구에 모두 빨간색 표시하세요.\r\n■ various response에 해당하는 어구에 모두 파란색 표시하세요.
2,2009,11,35,2009-11-35,[심경분위기],■ 장소의 분위기에 해당하는 어구에 모두 파란색 표시하세요.
4,2009,11,36,2009-11-36,[도표],"■ 도표의 내용과 일치하지 않는 문장을 고르고, 올바르게 고치시오."
3,2009,11,37,2009-11-37,[일치불일치],■ 위 글의 내용과 일치하는 문장을 찾아 밑줄 표시 하시오.
2,2009,11,38,2009-11-38,[일치불일치],■ 위 글의 내용과 일치하지 않는 문장을 찾아서 바르게 고치시오.
5,2009,11,39,2009-11-39,[요지],■ 이 글의 핵심어에 동그라미 표시하세요.\r\n■ 핵심어의 원인에 해당하는 어구에 모두 빨간색 표시하세요.\r\n■ feelings of hunger에 해당하는 어구에 모두 파란색 표시하세요.
5,2009,11,40,2009-11-40,[요지],■ dealing with the external fruit에 해당하는 어구에 모두 빨간색 표시하세요.\r\n■ dealing with the external fruit 반대 개념에 해당하는 어구에 모두 파란색 표시하세요.
5,2009,11,41,2009-11-41,[순서],■ 이 글에서 앞 문장과의 연결고리가 될 수 있는 연결사를 찾아 세모표시하시고 대명사가 있으면 앞 문장의 무엇을 나타내는지 쓰세요.\r\n■ 이 글의 상황에 해당하는 어구에 모두 밑줄 표시하세요.\r\n■ Serena의 행동에 해당하는 어구에 모두 빨간색 표시하세요.\r\n■ 이 글의 교훈에 해당하는 어구에 모두 파란색 표시하세요.
5,2009,11,42,2009-11-42,[제목],"■ ""문제점""에 해당하는 어구에 모두 빨간색 표시하세요.\r\n■ ""해결책"" 및 ""효과""에 해당하는 어구에 모두 파란색 표시하세요."
3,2009,11,43,2009-11-43,[제목],"■ ""문제점""에 해당하는 어구에 모두 빨간색 표시하세요.\r\n■ ""해결책"" 및 ""효과""에 해당하는 어구에 모두 파란색 표시하세요."
4,2009,11,44,2009-11-44,[문장넣기],■ man who does no reading에 해당하는 어구에 모두 빨간색 표시하세요.\r\n■ man who does reading에 해당하는 어구에 모두 파란색 표시하세요.
1,2009,11,45,2009-11-45,[요약문완성],■ good mood에 해당하는 어구에 빨간색 표시하세요.\r\n■ bad mood에 해당하는 어구에 모두 파란색 표시하세요.
4,2009,11,46,2009-11-46,[장문3],■ 이 글에서 앞 문장과의 연결고리가 될 수 있는 연결사를 찾아 세모표시하시고 대명사가 있으면 앞 문장의 무엇을 나타내는지 쓰세요.\r\n■ Ms. Angela의 행동에 해당하는 어구에 모두 빨간색 표시하세요.\r\n■ I의 행동에 해당하는 어구에 모두 파란색 표시하세요.
2,2009,11,47,2009-11-47,[장문3],
1,2009,11,48,2009-11-48,[장문3],
3,2009,11,49,2009-11-49,[장문2],■ wife의 생각 및 행동에 해당하는 어구에 모두 빨간색 표시하세요.\r\n■ 친구의 생각 및 행동에 해당하는 어구에 모두 파란색 표시하세요.
1,2009,11,50,2009-11-50,[장문2],
3,2010,3,18,2010-03-18,[지칭추론],■ This의 특징에 해당하는 어구에 모두 파란색 표시하세요.
4,2010,3,19,2010-03-19,[지칭추론],■ Kent의 행동에 해당하는 어구에 모두 빨간색 표시하세요.\r\n■ worker의 행동 및 생각에 해당하는 어구에 모두 파란색 표시하세요.
3,2010,3,20,2010-03-20,[목적],■ 이 글을 쓴 배경에 해당하는 어구에 모두 빨간색 표시하세요.\r\n■ 이 글을 쓴 목적에 해당하는 어구에 모두 파란색 표시하세요.
1,2010,3,21,2010-03-21,[어법],■ 각 항목에 대한 문법적 출제 의도를 말하시고 정답을 고르세요.\r\n■ different에 해당하는 어구에 모두 빨간색 표시하세요.\r\n■ similar에 해당하는 어구에 모두 파란색 표시하세요.
4,2010,3,22,2010-03-22,[어법],■ 각 항목에 대한 문법적 출제 의도를 말하시고 틀린 것은 올바르게 고치세요.\r\n■ I의 행동 및 느낌에 해당하는 어구에 모두 빨간색 표시하세요.\r\n■ My son의 행동 및 느낌에 해당하는 어구에 모두 파란색 표시하세요.
4,2010,3,23,2010-03-23,[무관한문장],■ reading books in poor light에 해당하는 어구에 모두 빨간색 표시하세요.\r\n■ 문제의 해결책에 해당하는 어구에 모두 파란색 표시하세요.
5,2010,3,24,2010-03-24,[빈칸],■ kids who watch a lot of TV에 해당하는 어구에 모두 빨간색 표시하세요.\r\n■ commercials on TV에 해당하는 어구에 모두 파란색 표시하세요.
1,2010,3,25,2010-03-25,[빈칸],■ 이 글의 배경에 해당하는 어구에 모두 빨간색 표시하세요.\r\n■ A daily record book에 해당하는 어구에 모두 파란색 표시하세요.
5,2010,3,26,2010-03-26,[빈칸],■ speaks well before a group에 해당하는 어구에 모두 빨간색 표시하세요.\r\n■ speaks well before a group과 반대 개념에 해당하는 어구에 모두 파란색 표시하세요.
2,2010,3,27,2010-03-27,[빈칸],■ 위 글에서 ‘carpenter’에 해당하는 어구에 모두 빨간색 표시하세요.\r\n■ 위 글에서 ‘young people’에 해당하는 어구에 모두 파란색 표시하세요.
2,2010,3,28,2010-03-28,[빈칸],■ 위 글에서 ‘rich color’에 해당하는 어구에 모두 빨간색 표시하세요.\r\n■ 위 글에서 ‘sweet sound’에 해당하는 어구에 모두 파란색 표시하세요.
4,2010,3,29,2010-03-29,[심경분위기],■ 위 글의 상황에 나타난 분위기에 해당하는 어구에 모두 파란색 표시하세요.
3,2010,3,30,2010-03-30,[그림],"■ 위 문제에서 틀린 문항번호를 선택하고, 올바르게 고치시오."
1,2010,3,31,2010-03-31,[어휘],■ prevention technique에 해당하는 어구에 모두 빨간색 표시하세요.\r\n■ prevention technique의 구체적인 방법에 해당하는 어구에 모두 파란색 표시하세요.
1,2010,3,32,2010-03-32,[연결사],■ 사람들이 잘못 알고 있는 통념에 해당하는 어구에 모두 빨간색 표시하세요.\r\n■ 글쓴이의 주장에 해당하는 어구에 모두 파란색 표시하세요.
3,2010,3,33,2010-03-33,[주제],■ 이 글의 핵심어에 동그라미 표시하세요.\r\n■ 핵심어를 할 때 해야 할 것에 해당하는 어구에 모두 빨간색 표시하세요.\r\n■ 핵심어를 할 때 하지 말아야 할 것에 해당하는 어구에 모두 파란색 표시하세요.
1,2010,3,34,2010-03-34,[주제],■ 수집하는 행위에 해당하는 어구에 모두 빨간색 표시하세요.\r\n■ 수집하는 행위의 효과/결과에 해당하는 어구에 모두 파란색 표시하세요.
4,2010,3,35,2010-03-35,[도표],"■ 위 문제에서 틀린 문항을 고르고, 올바르게 고쳐 쓰시오."
3,2010,3,36,2010-03-36,[일치불일치],■ 위 문제의 보기 중 일치하지 않는 항목을 바르게 고쳐 쓰시오.
2,2010,3,37,2010-03-37,[일치불일치],■ 보기의 내용을 본문에 모두 번호 표시하시고 일치 하지 않는 내용은 올바르게 고치세요.
5,2010,3,38,2010-03-38,[요지],■ living outside the box에 해당하는 어구에 모두 빨간색 표시하세요.\r\n■ living outside the box의 반대 개념에 해당하는 어구에 모두 파란색 표시하세요.
5,2010,3,39,2010-03-39,[요지],■ create confusion에 해당하는 어구에 모두 빨간색 표시하세요.\r\n■ give help and advice where they're not wanted에 해당하는 어구에 모두 파란색 표시하세요.
4,2010,3,40,2010-03-40,[문장넣기],■ 당신이 하는일에 해당하는 어구에 모두 빨간색 표시하세요.\r\n■ 학생들이 하는일에 해당하는 어구에 모두 파란색 표시하세요.\r\n■ students의 반응에 해당하는 어구에 모두 밑줄 표시하세요.
4,2010,3,41,2010-03-41,[제목],"■ ""문제점""에 해당하는 어구에 모두 빨간색 표시하세요.\r\n■ ""해결책"" 및 ""효과""에 해당하는 어구에 모두 파란색 표시하세요."
5,2010,3,42,2010-03-42,[제목],■ 이 글의 핵심어에 동그라미 표시하세요.\r\n■ 핵심어의 역할에 해당하는 어구에 모두 빨간색 표시하세요.\r\n■ 핵심어가 역할을 하게 된 기원에 해당하는 어구에 모두 파란색 표시하세요.
1,2010,3,43,2010-03-43,[순서],■ 이 글에서 앞 문장과의 연결고리가 될 수 있는 연결사를 찾아 세모표시하시고 대명사가 있으면 앞 문장의 무엇을 나타내는지 쓰세요.\r\n■ 이 글의 핵심어에 동그라미 표시하세요.\r\n■ 핵심어의 장점에 해당하는 어구에 모두 파란색 표시하세요.\r\n■ 핵심어의 단점에 해당하는 어구에 모두 빨간색 표시하세요.
3,2010,3,44,2010-03-44,[주장],"■ ""문제점""에 해당하는 어구에 모두 빨간색 표시하세요.\r\n■ ""해결책"" 및 ""효과""에 해당하는 어구에 모두 파란색 표시하세요."
5,2010,3,45,2010-03-45,[요약문완성],■ container의 크기에 해당하는 어구에 모두 빨간색 표시하세요.\r\n■ freshness에 해당하는 어구에 모두 파란색 표시하세요.
5,2010,3,46,2010-03-46,[장문3],■ 앞문장과의 연결고리가 될 수 있는 연결사를 찾아 세모표시하시고 대명사가 있으면 앞문장의 무엇을 나타내는지 쓰세요.\r\n■ 밑줄친 부분이 될 수 있는 첫번째 명사에 동그라미 표시하시고 그것의 특징에 대한 어구에 모두 빨간색 표시하세요\r\n■ 밑줄친 부분이 될 수 있는 두번째 명사에 세모 표시하시고 그것의 특징에 대한 어구에 모두 파란색 표시하세요.\r\n■ 48번 각 문항에 대한 것을 본문에 모두 밑줄 표시하시고 일치하지 않는 내용은 올바르게 고치세요.
4,2010,3,47,2010-03-47,[장문3],
3,2010,3,48,2010-03-48,[장문3],
3,2010,3,49,2010-03-49,[장문2],■ siblings에 해당하는 어구에 모두 빨간색 표시하세요.\r\n■ strangers에 해당하는 어구에 모두 파란색 표시하세요.
1,2010,3,50,2010-03-50,[장문2],
3,2010,6,18,2010-06-18,[지칭추론],■ this에 해당하는 어구에 모두 파란색 표시하세요.\r\n■ this와 반대 개념에 해당하는 어구에 모두 빨간색 표시하세요.
4,2010,6,19,2010-06-19,[지칭추론],■ Mockingbirds에 해당하는 어구에 모두 파란색 표시하세요.\r\n■ Mockingbirds 말고 다른 어떤 명사가 They가 될 수 있는지 세모 표시하세요.
4,2010,6,20,2010-06-20,[목적],■ 위 글의 Palomar Observatory 소개에 해당하는 어구에 모두 파란색 표시하세요.
5,2010,6,21,2010-06-21,[어법],■ 각 문항의 어법 출제 의도를 설명하시고 올바른 답을 고르세요.\r\n■ South Africa의 location에 관한 어구에 모두 파란색 표시하세요.\r\n■ South Africa의 language에 관한 어구에 모두 빨간색 표시하세요.
2,2010,6,22,2010-06-22,[어법],■ 각 문항의 어법 출제 의도를 설명하시고 틀린 것은 올바르게 고치세요.\r\n■ Confucius의 view에 관한 어구에 모두 파란색 표시하세요.\r\n■ Confucius가 어떤 행동을 했는지 관한 어구에 모두 빨간색 표시하세요.\r\n■ Confucius의 행동의 결과에 대해서 밑줄 표시하세요.
3,2010,6,23,2010-06-23,[무관한문장],"■ Some airlines 고객에게 통보한 내용에 관해 파란색 표시하세요.\r\n■ ""의도""에 관한 내용에 빨간색 표시하세요."
4,2010,6,24,2010-06-24,[빈칸],■ difficult episode에 해당하는 어구에 모두 밑줄 표시하세요.\r\n■ difficult episode에 대한 첫번째 반응에 해당하는 어구에 모두 빨간색 표시하세요.\r\n■ difficult episode에 대한 두번째 반응에 해당하는 어구에 모두 파란색 표시하세요.
5,2010,6,25,2010-06-25,[빈칸],■ people의 특징에 해당하는 어구에 모두 빨간색 표시하세요.\r\n■ Social imitation에 해당하는 어구에 모두 파란색 표시하세요.
5,2010,6,26,2010-06-26,[빈칸],■ 실험의 조건에 해당하는 어구에 모두 빨간색 표시하세요.\r\n■ 실험의 결과에 해당하는 어구에 모두 파란색 표시하세요.\r\n■ 실험의 결과로 부터 알 수 있는 사실에 해당하는 어구에 모두 밑줄 표시하세요.
3,2010,6,27,2010-06-27,[빈칸],■ 문제점에 해당하는 어구에 모두 빨간색 표시하세요.\r\n■ 해결책에 해당하는 어구에 모두 파란색 표시하세요.
5,2010,6,28,2010-06-28,[빈칸],■ 문제점에 해당하는 어구에 모두 빨간색 표시하세요.\r\n■ 해결책에 해당하는 어구에 모두 파란색 표시하세요.
5,2010,6,29,2010-06-29,[어휘],■ global에 해당하는 어구에 모두 빨간색 표시하세요.\r\n■ hand­held phones에 해당하는 어구에 모두 파란색 표시하세요.
4,2010,6,30,2010-06-30,[그림],"■ 위 문제에서 틀린 문항번호를 선택하고, 올바르게 고치시오."
3,2010,6,31,2010-06-31,[심경분위기],■ 분위기에 해당하는 어구에 모두 빨간색 표시하세요.
1,2010,6,32,2010-06-32,[연결사],■ ask questions에 해당하는 어구에 모두 빨간색 표시하세요.\r\n■ admit에 해당하는 어구에 모두 파란색 표시하세요.
2,2010,6,33,2010-06-33,[주제],■ Mountain people에 해당하는 어구에 모두 빨간색 표시하세요.\r\n■ lowland people에 해당하는 어구에 모두 파란색 표시하세요.
4,2010,6,34,2010-06-34,[주제],■ ate the wrong foods에 해당하는 어구에 모두 빨간색 표시하세요.\r\n■ ate the wrong foods의 반대 개념에 해당하는 어구에 모두 파란색 표시하세요.
4,2010,6,35,2010-06-35,[도표],"■ 위 문제에서 틀린 문항을 고르고, 올바르게 고쳐 쓰시오."
4,2010,6,36,2010-06-36,[일치불일치],■ 보기의 내용을 본문에 모두 번호 표시하시고 일치 하지 않는 내용은 올바르게 고치세요.
3,2010,6,37,2010-06-37,[일치불일치],■ 보기의 내용을 본문에 모두 번호 표시하시고 일치 하지 않는 내용은 올바르게 고치세요.
1,2010,6,38,2010-06-38,[요지],■ make sense에 해당하는 어구에 모두 빨간색 표시하세요.\r\n■ make sense의 반대 개념에 해당하는 어구에 모두 파란색 표시하세요.
2,2010,6,39,2010-06-39,[요지],■ 핵심어에 동그라미 표시하시고 핵심어에 관련된 어구에 모두 파란색 표시하세요.\r\n■ 핵심어를 하기 위한 수단에 관련된 어구에 모두 빨간색 표시하세요.
4,2010,6,40,2010-06-40,[문장넣기],■ make progress in putting the fire out에 해당하는 어구에 모두 빨간색 표시하세요.\r\n■ something was wrong에 해당하는 어구에 모두 파란색 표시하세요.
4,2010,6,41,2010-06-41,[제목],"■ ""문제점""에 해당하는 어구에 모두 빨간색 표시하세요.\r\n■ ""해결책"" 에 해당하는 어구에 모두 파란색 표시하세요."
4,2010,6,42,2010-06-42,[제목],■ 단어량 측정하는 방법에 해당하는 어구에 모두 빨간색 표시하세요.\r\n■ 깨닫게 된 점에 해당하는 어구에 모두 파란색 표시하세요.
4,2010,6,43,2010-06-43,[순서],■ 이 글에서 앞 문장과의 연결고리가 될 수 있는 연결사를 찾아 세모표시하시고 대명사가 있으면 앞 문장의 무엇을 나타내는지 쓰세요.\r\n■ lunch의 특징에 해당하는 어구에 모두 빨간색 표시하세요.\r\n■ sandwich의 특징에 해당하는 어구에 모두 파란색 표시하세요.
2,2010,6,44,2010-06-44,[주장],"■ ""문제점""에 해당하는 어구에 모두 빨간색 표시하세요.\r\n■ 글쓴이의 주장에 해당하는 어구에 모두 파란색 표시하세요."
5,2010,6,45,2010-06-45,[요약문완성],■ tribe의 특징에 해당하는 어구에 모두 빨간색 표시하세요.\r\n■ meeting이 끝난 후에 해당하는 어구에 모두 파란색 표시하세요.
3,2010,6,46,2010-06-46,[장문3],■ 앞문장과의 연결고리가 될 수 있는 연결사를 찾아 세모표시하시고 대명사가 있으면 앞문장의 무엇을 나타내는지 쓰세요.\r\n■ 밑줄친 부분이 될 수 있는 첫번째 명사에 동그라미 표시하시고 그것의 특징에 대한 어구에 모두 빨간색 표시하세요\r\n■ 밑줄친 부분이 될 수 있는 두번째 명사에 세모 표시하시고 그것의 특징에 대한 어구에 모두 파란색 표시하세요.\r\n■ 48번 각 문항에 대한 것을 본문에 모두 밑줄 표시하시고 일치하지 않는 내용은 올바르게 고치세요.
2,2010,6,47,2010-06-47,[장문3],
5,2010,6,48,2010-06-48,[장문3],
5,2010,6,49,2010-06-49,[장문2],■ daughter가 운 이유에 해당하는 어구에 모두 빨간색 표시하세요.\r\n■ 글쓴이가 주장한 문제점에 대한 해결책에 해당하는 어구에 모두 파란색 표시하세요.
5,2010,6,50,2010-06-50,[장문2],
5,2010,9,18,2010-09-18,[지칭추론],■ 이것의 사용/사용방법에 해당하는 어구에 모두 빨간색 표시하세요.\r\n■ 이것 사용의 효과에 해당하는 어구에 모두 파란색 표시하세요.
5,2010,9,19,2010-09-19,[지칭추론],■ They가 될 수 있는 첫 번째 명사에 동그라미 포시하시고 특징에 해당하는 어구에 모두 빨간색 표시하세요.\r\n■ They가 될 수 있는 두 번째 명사에 세모 표시하시고 특징에 해당하는 어구에 모두 파란색 표시하세요.
4,2010,9,20,2010-09-20,[목적],■ 배경에 해당하는 어구에 모두 빨간색 표시하세요.\r\n■ 글을 쓴 목적에 해당하는 어구에 모두 파란색 표시하세요.
2,2010,9,21,2010-09-21,[어법],■ 각 문항의 어법 출제 의도를 설명하시고 올바른 답을 고르세요.\r\n■ 우리의 생각/행동에 해당하는 어구에 모두 빨간색 표시하세요.\r\n■ 우리에게 발생한 상황에 해당하는 어구에 모두 파란색 표시하세요.
3,2010,9,22,2010-09-22,[어법],■ 각 문항의 어법 출제 의도를 설명하시고 틀린 것은 올바르게 고치세요.\r\n■ self-help groups/ groups의 형성에 해당하는 어구에 모두 빨간색 표시하세요.\r\n■ self-help groups에서 하는일/효과에 해당하는 어구에 모두 파란색 표시하세요.
3,2010,9,23,2010-09-23,[무관한문장],■ pitch의 정의/우리가 잘못 알고 있는 사실에 해당하는 어구에 모두 빨간색 표시하세요.\r\n■ pitch에 대한 글쓴이의 주장에 해당하는 어구에 모두 파란색 표시하세요.
2,2010,9,24,2010-09-24,[빈칸],■ “typical kids”에 해당하는 어구에 모두 빨간색 표시하세요.\r\n■ “typical kids”와 반대 개념에 해당하는 어구에 모두 파란색 표시하세요.
1,2010,9,25,2010-09-25,[빈칸],■ “relationship”에 해당하는 어구에 모두 빨간색 표시하세요.\r\n■ “relationship에 영향을 주는 요소에 해당하는 어구에 모두 파란색 표시하세요.
2,2010,9,26,2010-09-26,[빈칸],■ cooperative에 해당하는 어구에 모두 빨간색 표시하세요.\r\n■ cooperative에 반대 개념에 해당하는 어구에 모두 파란색 표시하세요.
5,2010,9,27,2010-09-27,[빈칸],■ 핵심어에 동그라미 표시하시고 핵심어에 대한 일반적인 사람들의 생각에 대해서 빨간색 표시하세요.\r\n■ 핵심어에 대한 글쓴이의 주장에 모두 파란색 표시하세요.
3,2010,9,28,2010-09-28,[빈칸],■ 문제점에 해당하는 어구에 모두 빨간색 표시하세요.\r\n■ 해결책에 해당하는 어구에 모두 파란색 표시하세요.
5,2010,9,29,2010-09-29,[심경분위기],■ I의 심경을 나타내는 어구에 모두 파란색 표시하세요.
3,2010,9,30,2010-09-30,[그림],"■ 위 문제에서 틀린 문항번호를 선택하고, 올바르게 고치시오."
4,2010,9,31,2010-09-31,[어휘],■ 문제점 및 원인에 해당하는 어구에 모두 빨간색 표시하세요.\r\n■ 해결책에 해당하는 어구에 모두 파란색 표시하세요.
4,2010,9,32,2010-09-32,[연결사],■ traditional economy에 해당하는 어구에 모두 빨간색 표시하세요.\r\n■ traditional economy와 반대 개념에 해당하는 어구에 모두 파란색 표시하세요.
2,2010,9,33,2010-09-33,[주제],■ 문제점에 해당하는 어구에 모두 빨간색 표시하세요.\r\n■ 해결책에 해당하는 어구에 모두 파란색 표시하세요.
3,2010,9,34,2010-09-34,[주제],■ woman에 해당하는 어구에 모두 빨간색 표시하세요.\r\n■ man에 해당하는 어구에 모두 파란색 표시하세요.
3,2010,9,35,2010-09-35,[도표],"■ 위 문제에서 틀린 문항을 고르고, 올바르게 고쳐 쓰시오."
3,2010,9,36,2010-09-36,[일치불일치],■ 보기의 내용을 본문에 모두 번호 표시하시고 일치 하지 않는 내용은 올바르게 고치세요.\r\n■ Samuel Johnson의 관한 내용에 대해서 모두 파란색 표시하세요.
3,2010,9,37,2010-09-37,[일치불일치],■ 보기의 내용을 본문에 모두 번호 표시하시고 일치 하지 않는 내용은 올바르게 고치세요.\r\n■ roadrunner의 관한 내용에 대해서 모두 파란색 표시하세요.
4,2010,9,38,2010-09-38,[요지],■ 문제점에 해당하는 어구에 모두 빨간색 표시하세요.\r\n■ 해결책에 해당하는 어구에 모두 파란색 표시하세요.
4,2010,9,39,2010-09-39,[요지],■ “flood of information”에 관련된 어구에 모두 파란색 표시하세요.\r\n■ “biased interpretations of the facts”에 관련된 어구에 모두 빨간색 표시하세요.
5,2010,9,40,2010-09-40,[문장넣기],■ “simulator sickness”에 해당하는 어구에 모두 빨간색 표시하세요.\r\n■ “simulator sickness”의 해결책에 해당하는 어구에 모두 파란색 표시하세요.
4,2010,9,41,2010-09-41,[제목],"■ ""문제점""에 해당하는 어구에 모두 빨간색 표시하세요.\r\n■ ""해결책"" 에 해당하는 어구에 모두 파란색 표시하세요."
4,2010,9,42,2010-09-42,[제목],■ “Lo-fi”에 해당하는 어구에 모두 빨간색 표시하세요.\r\n■ “hi-fi”에 해당하는 어구에 모두 파란색 표시하세요.
1,2010,9,43,2010-09-43,[순서],■ 이 글에서 앞 문장과의 연결고리가 될 수 있는 연결사를 찾아 세모표시하시고 대명사가 있으면 앞 문장의 무엇을 나타내는지 쓰세요.\r\n■ “Mind-to-Body Model”에 해당하는 어구에 모두 빨간색 표시하세요.\r\n■ “Mind-to-Body Model”와 반대 개념에 해당하는 어구에 모두 파란색 표시하세요.
2,2010,9,44,2010-09-44,[주장],"■ ""문제점""에 해당하는 어구에 모두 빨간색 표시하세요.\r\n■ ""해결책"" 에 해당하는 어구에 모두 파란색 표시하세요."
3,2010,9,45,2010-09-45,[요약문완성],■ “실험 조건”에 해당하는 어구에 모두 빨간색 표시하세요.\r\n■ “실험 결과”에 해당하는 어구에 모두 파란색 표시하세요.
4,2010,9,46,2010-09-46,[장문3],■ 이 글에서 he[him]이 될 수 있는 명사를 모두 찾으시고 각 번호의 he[him]이 무엇을 가리키는지 서술하세요.\r\n■ 앞문장과의 연결고리가 될 수 있는 연결사를 찾아 세모표시하시고 대명사가 있으면 앞문장의 무엇을 나타내는지 쓰세요.\r\n■ 밑줄친 부분이 될 수 있는 첫번째 명사에 동그라미 표시하시고 그것의 특징에 대한 어구에 모두 빨간색 표시하세요\r\n■ 밑줄친 부분이 될 수 있는 두번째 명사에 세모 표시하시고 그것의 특징에 대한 어구에 모두 파란색 표시하세요.\r\n■ 48번 각 문항에 대한 것을 본문에 모두 밑줄 표시하시고 일치하지 않는 내용은 올바르게 고치세요.
4,2010,9,47,2010-09-47,[장문3],
4,2010,9,48,2010-09-48,[장문3],
1,2010,9,49,2010-09-49,[장문2],■ linguistic knowledge에 해당하는 어구에 모두 빨간색 표시하세요.\r\n■ linguistic knowledge와 반대 개념에 어구에 모두 파란색 표시하세요.
5,2010,9,50,2010-09-50,[장문2],
4,2010,11,18,2010-11-18,[지칭추론],■ this에 해당하는 어구에 모두 파란색 표시하세요.
4,2010,11,19,2010-11-19,[지칭추론],■ She가 될 수 있는 첫 번째 명사에 동그라미 표시하시고 She가 한 행동에 대한 어구에 모두 빨간색 표시하세요.\r\n■ She가 될 수 있는 두 번째 명사에 세모 표시하시고 She가 한 행동에 대한 어구에 모두 파란색 표시하세요.
3,2010,11,20,2010-11-20,[목적],■ 배경에 해당하는 어구에 모두 빨간색 표시하세요.\r\n■ 글을 쓴 목적에 해당하는 어구에 모두 파란색 표시하세요.
1,2010,11,21,2010-11-21,[어법],■ 각 문항의 어법 출제 의도를 설명하시고 올바른 답을 고르세요.\r\n■ “hypnosis”에 관한 어구에 모두 파란색 표시하세요.\r\n■ “highway hypnosis”에 관한 어구에 모두 빨간색 표시하세요.
5,2010,11,22,2010-11-22,[어법],■ 각 문항의 어법 출제 의도를 설명하시고 틀린 것은 올바르게 고치세요.\r\n■ 핵심어에 동그라미 표시하시고 base stealer를 나타내는 어구에 모두 파란색 표시하세요.\r\n■ being caught stealing를 나타내는 어구에 모두 빨간색 표시하세요.
4,2010,11,23,2010-11-23,[무관한문장],■ 문제점에 해당하는 어구에 모두 빨간색 표시하세요.\r\n■ 해결책에 해당하는 어구에 모두 파란색 표시하세요.
2,2010,11,24,2010-11-24,[빈칸],■ “Planning a trip”에 해당하는 어구에 모두 빨간색 표시하세요.\r\n■ “Planning a trip”와 반대 개념에 해당하는 어구에 모두 파란색 표시하세요.
3,2010,11,25,2010-11-25,[빈칸],■ “Anger”에 해당하는 어구에 모두 빨간색 표시하세요.\r\n■ “what is happening in his body”에 해당하는 어구에 모두 파란색 표시하세요.
1,2010,11,26,2010-11-26,[빈칸],■ “senses”에 해당하는 어구에 모두 빨간색 표시하세요.\r\n■ “senses”에 반대 개념에 해당하는 어구에 모두 파란색 표시하세요.
5,2010,11,27,2010-11-27,[빈칸],■ 자세에 해당하는 어구에 모두 빨간색 표시하세요.\r\n■ confidence에 해당하는 어구에 모두 파란색 표시하세요.
1,2010,11,28,2010-11-28,[빈칸],■ “loss of large animals”에 해당하는 어구에 모두 빨간색 표시하세요.\r\n■ “loss of large animals”의 결과에 해당하는 어구에 모두 파란색 표시하세요.
2,2010,11,29,2010-11-29,[심경분위기],■ He의 심경을 나타내는 어구에 모두 파란색 표시하세요.
4,2010,11,30,2010-11-30,[그림],■ recreational diving equipment에 해당하는 어구에 모두 빨간색 표시하세요.\r\n■ cave diving equipment에 해당하는 어구에 모두 파란색 표시하세요.
4,2010,11,31,2010-11-31,[어휘],"■ “goods, services, and capital” 해당하는 어구에 모두 빨간색 표시하세요.\r\n■ “labor”에 해당하는 어구에 모두 파란색 표시하세요."
2,2010,11,32,2010-11-32,[연결사],■ 문제점에 해당하는 어구에 모두 빨간색 표시하세요.\r\n■ 해결책에 해당하는 어구에 모두 파란색 표시하세요.
2,2010,11,33,2010-11-33,[주제],■ “Desperation”에 해당하는 어구에 모두 빨간색 표시하세요.\r\n■ “new kind of scandal”에 해당하는 어구에 모두 파란색 표시하세요.
1,2010,11,34,2010-11-34,[주제],■ “structured interview”에 해당하는 어구에 모두 빨간색 표시하세요.\r\n■ “structured interview” 반대 개념에 해당하는 어구에 모두 파란색 표시하세요.
3,2010,11,35,2010-11-35,[도표],"■ 위 문제에서 틀린 문항을 고르고, 올바르게 고쳐 쓰시오."
2,2010,11,36,2010-11-36,[일치불일치],■ 보기의 내용을 본문에 모두 번호 표시하시고 일치 하지 않는 내용은 올바르게 고치세요.\r\n■ Igbo의 관한 내용에 대해서 모두 파란색 표시하세요.
2,2010,11,37,2010-11-37,[일치불일치],■ 보기의 내용을 본문에 모두 번호 표시하시고 일치 하지 않는 내용은 올바르게 고치세요.\r\n■ an innovative plane의 관한 내용에 대해서 모두 파란색 표시하세요.
1,2010,11,38,2010-11-38,[요지],■ organize에 해당하는 어구에 모두 빨간색 표시하세요.\r\n■ efficient combination에 해당하는 어구에 모두 파란색 표시하세요.
5,2010,11,39,2010-11-39,[요지],■ “work closely”에 관련된 어구에 모두 파란색 표시하세요.\r\n■ “misunderstandings”에 관련된 어구에 모두 빨간색 표시하세요.
3,2010,11,40,2010-11-40,[문장넣기],■ “South Korea”에 해당하는 어구에 모두 빨간색 표시하세요.\r\n■ “one country”의 해결책에 해당하는 어구에 모두 파란색 표시하세요.
4,2010,11,41,2010-11-41,[제목],"■ ""boycott""에 해당하는 어구에 모두 빨간색 표시하세요.\r\n■ ""Buycotting"" 에 해당하는 어구에 모두 파란색 표시하세요."
1,2010,11,42,2010-11-42,[제목],■ 이 글에 핵심어에 동그라미 표시하시고 핵심어의 특징에 해당하는 어구에 모두 빨간색 표시하세요.\r\n■ 핵심어의 기능을 나타내는 어구에 모두 파란색 표시하세요.
4,2010,11,43,2010-11-43,[순서],■ 이 글에서 앞 문장과의 연결고리가 될 수 있는 연결사를 찾아 세모표시하시고 대명사가 있으면 앞 문장의 무엇을 나타내는지 쓰세요.\r\n■ “irrational”에 해당하는 어구에 모두 빨간색 표시하세요.\r\n■ “irrational”와 반대 개념에 해당하는 어구에 모두 파란색 표시하세요.
2,2010,11,44,2010-11-44,[주장],"■ ""stick to some rigid work schedule""에 해당하는 어구에 모두 빨간색 표시하세요.\r\n■ ""available to my four-year-old"" 에 해당하는 어구에 모두 파란색 표시하세요."
4,2010,11,45,2010-11-45,[요약문완성],■ “get at the oxygen”에 해당하는 어구에 모두 빨간색 표시하세요.\r\n■ “reposition”에 해당하는 어구에 모두 파란색 표시하세요.
5,2010,11,46,2010-11-46,[장문3],■ 이 글에서 he[him]이 될 수 있는 명사를 모두 찾으시고 각 번호의 he[him]이 무엇을 가리키는지 서술하세요.\r\n■ 앞문장과의 연결고리가 될 수 있는 연결사를 찾아 세모표시하시고 대명사가 있으면 앞문장의 무엇을 나타내는지 쓰세요.\r\n■ 47번 각 문항에 대한 것을 본문에 모두 밑줄 표시하시고 일치하지 않는 내용은 올바르게 고치세요.
4,2010,11,47,2010-11-47,[장문3],
5,2010,11,48,2010-11-48,[장문3],
3,2010,11,49,2010-11-49,[장문2],■ 이 글에서 he가 될 수 있는 명사에 각각 누구인지 표시하세요.\r\n■ new clothing business에 해당하는 어구에 모두 빨간색 표시하세요.\r\n■ new clothing business와 반대 개념에 어구에 모두 파란색 표시하세요.
3,2010,11,50,2010-11-50,[장문2],
1,2011,3,18,2011-03-18,[목적],■ 이 글의 상황을 나타낸 어구에 모두 파란색 표시하세요.\r\n■ 이 글의 목적을 나타낸 어구에 모두 빨간색 표시하세요.
5,2011,3,19,2011-03-19,[지칭추론],■ They가 될 수 있는 첫 번째 명사에 동그라미 표시하시고 They의 특징에 대한 어구에 모두 빨간색 표시하세요.\r\n■ They가 될 수 있는 두 번째 명사에 동그라미 표시하시고 They의 특징에 대한 어구에 모두 파란색 표시하세요.
5,2011,3,20,2011-03-20,[어법],■ 각 문항의 어법 출제 의도를 설명하시고 올바른 답을 고르세요.\r\n■ “문제점”에 해당하는 어구에 모두 빨간색 표시하세요.\r\n■ “해결책”에 해당하는 어구에 모두 파란색 표시하세요.
2,2011,3,21,2011-03-21,[어법],■ 각 문항의 어법 출제 의도를 설명하시고 올바른 답을 고르세요.\r\n■ “내가 닥친 상황”에 해당하는 어구에 모두 빨간색 표시하세요.\r\n■ “his kindness.”에 관한 어구에 모두 파란색 표시하세요.
4,2011,3,22,2011-03-22,[무관한문장],■ “you are in danger”에 해당하는 어구에 모두 빨간색 표시하세요.\r\n■ can't move at all에 해당하는 어구에 모두 파란색 표시하세요.
3,2011,3,23,2011-03-23,[주장],■ 핵심어에 동그라미 표시하시고 핵심어의 특징에 해당하는 어구에 모두 빨간색 표시하세요.\r\n■ 글쓴이의 주장에 해당하는 어구에 모두 파란색 표시하세요.
5,2011,3,24,2011-03-24,[빈칸],■ “실험의 목적 및 조건”에 해당하는 어구에 모두 빨간색 표시하세요.\r\n■ “실험의 결과 및 결론”에 해당하는 어구에 모두 파란색 표시하세요.
4,2011,3,25,2011-03-25,[빈칸],■ “People with this sense”에 관한 어구에 모두 파란색 표시하세요.
4,2011,3,26,2011-03-26,[빈칸],■ “decoding the letters”에 해당하는 어구에 모두 빨간색 표시하세요.\r\n■ “decoding the letters”에 반대 개념에 해당하는 어구에 모두 파란색 표시하세요.
2,2011,3,27,2011-03-27,[빈칸],■ “practice”에 해당하는 어구에 모두 빨간색 표시하세요.\r\n■ “break”에 해당하는 어구에 모두 파란색 표시하세요.
4,2011,3,28,2011-03-28,[빈칸],■ “upset”에 해당하는 어구에 모두 빨간색 표시하세요.\r\n■ “upset”의 반대 개념에 해당하는 어구에 모두 파란색 표시하세요.
1,2011,3,29,2011-03-29,[빈칸],■ “prepare for a final exam”에 해당하는 어구에 모두 빨간색 표시하세요.\r\n■ “prepare for a final exam”의 반대 개념에 해당하는 어구에 모두 파란색 표시하세요.
3,2011,3,30,2011-03-30,[심경분위기],■ I의 심경을 나타내는 어구에 모두 파란색 표시하세요.
4,2011,3,31,2011-03-31,[어휘],■ “문제점”에 해당하는 어구에 모두 빨간색 표시하세요.\r\n■ “해결책”에 해당하는 어구에 모두 파란색 표시하세요.
4,2011,3,32,2011-03-32,[어휘],■ “How would you feel ”에 해당하는 어구에 모두 빨간색 표시하세요.\r\n■ “글쓴이의 주장”에 해당하는 어구에 모두 파란색 표시하세요.
5,2011,3,33,2011-03-33,[연결사],■ 핵심어에 동그라미 표시하시고 핵심어의 첫 번째 특징에 해당하는 어구에 모두 빨간색 표시하세요.\r\n■ 핵심어의 두 번째 특징에 해당하는 어구에 모두 파란색 표시하세요.
2,2011,3,34,2011-03-34,[제목],■ “clown”에 해당하는 어구에 모두 빨간색 표시하세요.\r\n■ “aspirin”에 해당하는 어구에 모두 파란색 표시하세요.
3,2011,3,35,2011-03-35,[제목],■ 핵심어에 동그라미 표시하시고 핵심어의 특징에 해당하는 어구에 모두 빨간색 표시하세요.\r\n■ 특징에 대한 예시를 나타낸 어구에 모두 파란색 표시하세요.
5,2011,3,36,2011-03-36,[일치불일치],■ 보기의 내용을 본문에 모두 번호 표시하시고 일치 하지 않는 내용은 올바르게 고치세요.\r\n■ 고대 이집트인의 관한 내용에 대해서 모두 파란색 표시하세요.
1,2011,3,37,2011-03-37,[일치불일치],■ 보기의 내용을 본문에 모두 번호 표시하시고 일치 하지 않는 내용은 올바르게 고치세요.\r\n■ Henry James의 관한 내용에 대해서 모두 파란색 표시하세요.
5,2011,3,38,2011-03-38,[도표],■ 도표와 맞지 않는 내용을 보기에서 고르고 올바르게 고치세요.
5,2011,3,39,2011-03-39,[주장],■ “문제점”에 해당하는 어구에 모두 빨간색 표시하세요.\r\n■ “해결책”에 해당하는 어구에 모두 파란색 표시하세요.
5,2011,3,40,2011-03-40,[주장],■ “letter”에 해당하는 어구에 모두 빨간색 표시하세요.\r\n■ “e-mail”에 해당하는 어구에 모두 파란색 표시하세요.
3,2011,3,41,2011-03-41,[제목],"■ 핵심어에 동그라미 표시하시고 ""predictable""에 해당하는 어구에 모두 빨간색 표시하세요.\r\n■ “no one expected"" 에 해당하는 어구에 모두 파란색 표시하세요."
4,2011,3,42,2011-03-42,[제목],■ 이 글에 핵심어에 동그라미 표시하시고 핵심어의 탄생 배경에 해당하는 어구에 모두 빨간색 표시하세요.\r\n■ 핵심어의 발달에 관한 어구에 모두 파란색 표시하세요.
5,2011,3,43,2011-03-43,[순서],■ 이 글에서 앞 문장과의 연결고리가 될 수 있는 연결사를 찾아 세모표시하시고 대명사가 있으면 앞 문장의 무엇을 나타내는지 쓰세요.\r\n■ “windmill”에 해당하는 어구에 모두 빨간색 표시하세요.\r\n■ “windmill”과 반대 개념에 해당하는 어구에 모두 파란색 표시하세요.
2,2011,3,44,2011-03-44,[문장넣기],"■ 이 글에서 앞 문장과의 연결고리가 될 수 있는 연결사를 찾아 세모표시하시고 대명사가 있으면 앞 문장의 무엇을 나타내는지 쓰세요.\r\n■ ""도서관이 하는일""에 해당하는 어구에 모두 빨간색 표시하세요.\r\n■ User들이 할 수 있는일에 해당하는 어구에 모두 파란색 표시하세요."
1,2011,3,45,2011-03-45,[요약문완성],■ “문제점”에 해당하는 어구에 모두 빨간색 표시하세요.\r\n■ “해결책”에 해당하는 어구에 모두 파란색 표시하세요.
3,2011,3,46,2011-03-46,[장문3],■ 이 글에서 he[him]이 될 수 있는 명사를 모두 찾으시고 각 번호의 he[him]이 무엇을 가리키는지 서술하세요.\r\n■ 앞문장과의 연결고리가 될 수 있는 연결사를 찾아 세모표시하시고 대명사가 있으면 앞문장의 무엇을 나타내는지 쓰세요.\r\n■ 48번 각 문항에 대한 것을 본문에 모두 밑줄 표시하시고 일치하지 않는 내용은 올바르게 고치세요.
3,2011,3,47,2011-03-47,[장문3],
1,2011,3,48,2011-03-48,[장문3],
5,2011,3,49,2011-03-49,[장문2],■ “swimming together”에 해당하는 어구에 모두 빨간색 표시하세요.\r\n■ “big risk”에 해당하는 어구에 모두 파란색 표시하세요.
3,2011,3,50,2011-03-50,[장문2],
1,2011,6,18,2011-06-18,[목적],■ 이 글의 상황을 나타낸 어구에 모두 파란색 표시하세요.\r\n■ 이 글의 목적을 나타낸 어구에 모두 빨간색 표시하세요.
3,2011,6,19,2011-06-19,[지칭추론],■ She[her]가 될 수 있는 첫 번째 명사에 동그라미 표시하시고 They의 특징에 대한 어구에 모두 빨간색 표시하세요.\r\n■ She[her]가 될 수 있는 두 번째 명사에 세모 표시하시고 They의 특징에 대한 어구에 모두 파란색 표시하세요.
3,2011,6,20,2011-06-20,[어법],■ 각 문항의 어법 출제 의도를 설명하시고 올바른 답을 고르세요.\r\n■ “Grandma”의 성격 및 특성에 해당하는 어구에 모두 빨간색 표시하세요.
4,2011,6,21,2011-06-21,[어법],■ “예전 타이어의 특징”에 관한 어구에 모두 파란색 표시하세요.\r\n■ “요즘 타이어의 특징”에 관한 어구에 모두 빨간색 표시하세요.
3,2011,6,22,2011-06-22,[주장],■ “undivided attention”에 해당하는 어구에 모두 빨간색 표시하세요.\r\n■ undivided attention의 반대 개념의 어구에 모두 파란색 표시하세요.
3,2011,6,23,2011-06-23,[무관한문장],■ 핵심어에 동그라미 표시하시고 핵심어의 단점 및 주의점에 해당하는 어구에 모두 빨간색 표시하세요.\r\n■ 핵심어의 장점에 해당하는 어구에 모두 파란색 표시하세요.
3,2011,6,24,2011-06-24,[빈칸],■ “established business”에 해당하는 어구에 모두 빨간색 표시하세요.\r\n■ “established business”와 반대개념의 어구에 모두 파란색 표시하세요.
1,2011,6,25,2011-06-25,[빈칸],■ “engineer의 생각”에 관한 어구에 모두 파란색 표시하세요.\r\n■ “글쓴이의 생각”에 관한 어구에 모두 빨간색 표시하세요.
2,2011,6,26,2011-06-26,[빈칸],■ “embrace”에 해당하는 어구에 모두 빨간색 표시하세요.\r\n■ “blessing”에 해당하는 어구에 모두 파란색 표시하세요.
5,2011,6,27,2011-06-27,[빈칸],■ “문제점”에 해당하는 어구에 모두 빨간색 표시하세요.\r\n■ “해결책”에 해당하는 어구에 모두 파란색 표시하세요.
4,2011,6,28,2011-06-28,[빈칸],■ “workers”에 해당하는 어구에 모두 빨간색 표시하세요.\r\n■ “managers”에 해당하는 어구에 모두 파란색 표시하세요.
2,2011,6,29,2011-06-29,[빈칸],■ 부모님의 행동의 의도/행동을 이끄는 상황에 해당하는 어구에 모두 빨간색 표시하세요.\r\n■ 글쓴이가 주장하는 부모님의 행동에 해당하는 어구에 모두 파란색 표시하세요.
4,2011,6,30,2011-06-30,[심경분위기],■ Daniel의 심경을 나타내는 어구에 모두 파란색 표시하세요.
2,2011,6,31,2011-06-31,[어휘],■ “person who compares himself to others”에 해당하는 어구에 모두 빨간색 표시하세요.\r\n■ “글쓴이의 주장”에 해당하는 어구에 모두 파란색 표시하세요.
3,2011,6,32,2011-06-32,[어휘],■ “lawyers의 행동”에 해당하는 어구에 모두 빨간색 표시하세요.\r\n■ “lawyers의 행동의 이유”에 해당하는 어구에 모두 파란색 표시하세요.
2,2011,6,33,2011-06-33,[연결사],■ “follow safety rules”에 해당하는 어구에 모두 빨간색 표시하세요.\r\n■ “decrease the possibility of accidents”에 해당하는 어구에 모두 파란색 표시하세요.
5,2011,6,34,2011-06-34,[주제],■ “giving up privacy”에 해당하는 어구에 모두 빨간색 표시하세요.\r\n■ “lose your space”에 해당하는 어구에 모두 파란색 표시하세요.
1,2011,6,35,2011-06-35,[주제],■ “how effective that advertising is”의 첫번째 방법에 해당하는 어구에 모두 빨간색 표시하세요.\r\n■ “how effective that advertising is”의 두번째 방법에 해당하는 어구에 모두 빨간색 표시하세요.
4,2011,6,36,2011-06-36,[도표],■ 도표의 내용과 일치 하지 않는 내용을 올바르게 고치세요.
2,2011,6,37,2011-06-37,[일치불일치],■ 보기의 내용을 본문에 모두 번호 표시하시고 일치 하지 않는 내용은 올바르게 고치세요.\r\n■ toothfish 에 관한 내용에 대해서 모두 파란색 표시하세요.
5,2011,6,38,2011-06-38,[일치불일치],■ 보기의 내용을 본문에 모두 번호 표시하시고 일치 하지 않는 내용은 올바르게 고치세요.\r\n■ Nikola Tesla의 관한 내용에 대해서 모두 파란색 표시하세요.
3,2011,6,39,2011-06-39,[요지],■ Violent 및 습득되어 지는 기술에 해당하는 어구에 모두 빨간색 표시하세요.\r\n■ 획득되어진다/환경에 해당하는 어구에 모두 파란색 표시하세요.
5,2011,6,40,2011-06-40,[요지],■ “I don’t know”에 해당하는 어구에 모두 빨간색 표시하세요.\r\n■ “I don’t know”의 반대 개념에 해당하는 어구에 모두 파란색 표시하세요.
2,2011,6,41,2011-06-41,[제목],■ 음악을 듣는것의 유무에 해당하는 어구에 모두 빨간색 표시하세요.\r\n■ 음악을 듣는것의 유무의 효과/결과에 해당하는 어구에 모두 파란색 표시하세요.
5,2011,6,42,2011-06-42,[제목],■ “문제점”에 해당하는 어구에 모두 빨간색 표시하세요.\r\n■ “해결책”에 관한 어구에 모두 파란색 표시하세요.
1,2011,6,43,2011-06-43,[문장넣기],■ 이 글에서 앞 문장과의 연결고리가 될 수 있는 연결사를 찾아 세모표시하시고 대명사가 있으면 앞 문장의 무엇을 나타내는지 쓰세요.\r\n■ “Display your class work”에 해당하는 어구에 모두 빨간색 표시하세요.\r\n■ “Display your class work”의 효과에 해당하는 어구에 모두 파란색 표시하세요.
4,2011,6,44,2011-06-44,[순서],"■ 이 글에서 앞 문장과의 연결고리가 될 수 있는 연결사를 찾아 세모표시하시고 대명사가 있으면 앞 문장의 무엇을 나타내는지 쓰세요.\r\n■ ""글쓴이가 한일""에 해당하는 어구에 모두 빨간색 표시하세요.\r\n■ “글쓴이가 받은 대우”에 해당하는 어구에 모두 파란색 표시하세요."
4,2011,6,45,2011-06-45,[요약문완성],■ “advertise repeatedly”에 해당하는 어구에 모두 빨간색 표시하세요.\r\n■ “started appeal to you”에 해당하는 어구에 모두 파란색 표시하세요.
4,2011,6,46,2011-06-46,[장문3],■ 이 글에서 he[him]이 될 수 있는 명사를 모두 찾으시고 각 번호의 he[him]이 무엇을 가리키는지 서술하세요.\r\n■ 앞문장과의 연결고리가 될 수 있는 연결사를 찾아 세모표시하시고 대명사가 있으면 앞문장의 무엇을 나타내는지 쓰세요.\r\n■ 48번 각 문항에 대한 것을 본문에 모두 밑줄 표시하시고 일치하지 않는 내용은 올바르게 고치세요.
5,2011,6,47,2011-06-47,[장문3],
1,2011,6,48,2011-06-48,[장문3],
4,2011,6,49,2011-06-49,[장문2],■ “문제점”에 해당하는 어구에 모두 빨간색 표시하세요.\r\n■ “해결책”에 해당하는 어구에 모두 파란색 표시하세요.
3,2011,6,50,2011-06-50,[장문2],
2,2011,9,18,2011-09-18,[목적],■ 이 글의 상황을 나타낸 어구에 모두 빨간색 표시하세요.\r\n■ 이 글의 목적을 나타낸 어구에 모두 파란색 표시하세요.
4,2011,9,19,2011-09-19,[지칭추론],■ They[they]가 될 수 있는 첫 번째 명사에 동그라미 표시하시고 They의 특징에 대한 어구에 모두 빨간색 표시하세요.\r\n■ They[they]가 될 수 있는 두 번째 명사에 세모 표시하시고 They의 특징에 대한 어구에 모두 파란색 표시하세요.
3,2011,9,20,2011-09-20,[어법],■ 각 문항의 어법 출제 의도를 설명하시고 올바른 답을 고르세요.\r\n■ 핵심어에 동그라미 표시하시고 “buried”에 해당하는 어구에 모두 빨간색 표시하세요.\r\n■ “rediscovery”에 해당하는 어구에 모두 빨간색 표시하세요.
2,2011,9,21,2011-09-21,[어법],■ 각 문항의 어법 출제 의도를 설명하시고 올바른 답을 고르세요.\r\n■ 핵심어에 동그라미 표시하시고 “핵심어의 기능”에 해당하는 어구에 모두 빨간색 표시하세요.
4,2011,9,22,2011-09-22,[무관한문장],■ 핵심어에 동그라미 표시하시고 “핵심어의 기능”에 해당하는 어구에 모두 빨간색 표시하세요.\r\n■ “핵심어의 효과”에 모두 파란색 표시하세요.
4,2011,9,23,2011-09-23,[주장],■ “문제점”에 해당하는 어구에 모두 빨간색 표시하세요.\r\n■ “글쓴이의 주장”에 해당하는 어구에 모두 파란색 표시하세요.
3,2011,9,24,2011-09-24,[빈칸],■ 핵심어에 동그라미 표시하시고 “핵심어의 특징”에 해당하는 어구에 모두 빨간색 표시하세요.\r\n■ “핵심어의 결과”에 해당하는 어구에 모두 빨간색 표시하세요.
1,2011,9,25,2011-09-25,[빈칸],■ “America의 특징”에 관한 어구에 모두 파란색 표시하세요.\r\n■ “Europe의 특징”에 관한 어구에 모두 빨간색 표시하세요.
3,2011,9,26,2011-09-26,[빈칸],■ “get serious ear infections”에 해당하는 어구에 모두 빨간색 표시하세요.\r\n■ “get serious ear infections”의 결과 해당하는 어구에 모두 파란색 표시하세요.
4,2011,9,27,2011-09-27,[빈칸],■ 이 글의 “상황”에 해당하는 어구에 모두 빨간색 표시하세요.\r\n■ 상황에 대한 “결과”에 해당하는 어구에 모두 파란색 표시하세요.
2,2011,9,28,2011-09-28,[빈칸],■ “실험의 조건”에 해당하는 어구에 모두 빨간색 표시하세요.\r\n■ “실험의 결과”에 해당하는 어구에 모두 파란색 표시하세요.
5,2011,9,29,2011-09-29,[빈칸],■ “what happened”에 해당하는 어구에 모두 빨간색 표시하세요.\r\n■ “what you’re going to do about it.”에 해당하는 어구에 모두 파란색 표시하세요.
1,2011,9,30,2011-09-30,[심경분위기],■ Simon의 심경을 나타내는 어구에 모두 파란색 표시하세요.
3,2011,9,31,2011-09-31,[어휘],■ “characteristics”에 해당하는 어구에 모두 빨간색 표시하세요.\r\n■ “blood types”에 해당하는 어구에 모두 파란색 표시하세요.
5,2011,9,32,2011-09-32,[어휘],■ “나의 생각/행동”에 해당하는 어구에 모두 빨간색 표시하세요.\r\n■ “나의 노력의 결과”에 해당하는 어구에 모두 파란색 표시하세요.
4,2011,9,33,2011-09-33,[연결사],■ “piano player의 행동”에 해당하는 어구에 모두 빨간색 표시하세요.\r\n■ “piano player의 행동의 결과”에 해당하는 어구에 모두 파란색 표시하세요.
5,2011,9,34,2011-09-34,[제목],■ “일반적인 사람들의 통념”에 해당하는 어구에 모두 빨간색 표시하세요.\r\n■ “글쓴이의 주장”에 해당하는 어구에 모두 파란색 표시하세요.
1,2011,9,35,2011-09-35,[제목],■ “문제점”에 해당하는 어구에 모두 빨간색 표시하세요.\r\n■ “해결책”에 해당하는 어구에 모두 파란색 표시하세요.
3,2011,9,36,2011-09-36,[일치불일치],■ 보기의 내용을 본문에 모두 번호 표시하시고 일치 하지 않는 내용은 올바르게 고치세요.\r\n■ Bactrian camels의 관한 내용에 대해서 모두 파란색 표시하세요.
3,2011,9,37,2011-09-37,[일치불일치],■ 보기의 내용을 본문에 모두 번호 표시하시고 일치 하지 않는 내용은 올바르게 고치세요.\r\n■ Salmonberry의 관한 내용에 대해서 모두 파란색 표시하세요.
3,2011,9,38,2011-09-38,[도표],■ 도표의 내용과 일치 하지 않는 내용을 올바르게 고치세요.
2,2011,9,39,2011-09-39,[주장],■ 이 글의 핵심어에 동그라미 표시하시고 핵심어의 특징에 해당하는 어구에 모두 빨간색 표시하세요.\r\n■ 핵심어에 대한 문제점에 해당하는 어구에 모두 파란색 표시하세요.
5,2011,9,40,2011-09-40,[주장],■ “You act lazy sometimes”에 해당하는 어구에 모두 빨간색 표시하세요.\r\n■ “You are a lazy person”에 해당하는 어구에 모두 파란색 표시하세요.
4,2011,9,41,2011-09-41,[제목],"■ “이 글의 상황""에 해당하는 어구에 모두 빨간색 표시하세요.\r\n■ “상황의 해결책""에 해당하는 어구에 모두 파란색 표시하세요."
1,2011,9,42,2011-09-42,[제목],■ 이 글의 핵심어에 동그라미 표시하시고 핵심어의 특징에 해당하는 어구에 모두 빨간색 표시하세요.\r\n■ “핵심어가 발생한 원인”에 관한 어구에 모두 파란색 표시하세요.
4,2011,9,43,2011-09-43,[순서],■ 앞 문장과의 연결고리가 될 수 있는 연결사를 찾아 세모표시하시고 대명사가 있으면 앞 문장의 무엇을 나타내는지 쓰세요.\r\n■ “odd behaviors”에 해당하는 어구에 모두 빨간색 표시하세요.\r\n■ “influential person”의 효과에 해당하는 어구에 모두 파란색 표시하세요.
2,2011,9,44,2011-09-44,[문장넣기],"■ 앞 문장과의 연결고리가 될 수 있는 연결사를 찾아 세모표시하시고 대명사가 있으면 앞 문장의 무엇을 나타내는지 쓰세요.\r\n■ ""문제점""에 해당하는 어구에 모두 빨간색 표시하세요.\r\n■ “해결책”에 해당하는 어구에 모두 파란색 표시하세요."
1,2011,9,45,2011-09-45,[요약문완성],■ “don’t seem to do anything useful”에 해당하는 어구에 모두 빨간색 표시하세요.\r\n■ “don’t seem to do anything useful와 반대 개념”에 해당하는 어구에 모두 파란색 표시하세요.
4,2011,9,46,2011-09-46,[장문2],■ “Babies cry”에 해당하는 어구에 모두 빨간색 표시하세요.\r\n■ “language they heard in the womb”에 해당하는 어구에 모두 파란색 표시하세요.
5,2011,9,47,2011-09-47,[장문2],
1,2011,9,48,2011-09-48,[장문3],■ 이 글에서 앞 문장과의 연결고리가 될 수 있는 연결사를 찾아 세모표시하시고 대명사가 있으면 앞 문장의 무엇을 나타내는지 쓰세요.\r\n■ He[him]이 될 수 있는 첫 번째 명사에 동그라미 표시하시고 They의 특징에 대한 어구에 모두 빨간색 표시하세요.\r\n■ He[him]이 될 수 있는 두 번째 명사에 세모 표시하시고 They의 특징에 대한 어구에 모두 파란색 표시하세요.\r\n■ 50번 각 문항에 대한 것을 본문에 모두 밑줄 표시하시고 일치하지 않는 내용은 올바르게 고치세요.
1,2011,9,49,2011-09-49,[장문3],
5,2011,9,50,2011-09-50,[장문3],
1,2011,11,18,2011-11-18,[목적],■ 이 글의 상황을 나타낸 어구에 모두 파란색 표시하세요.\r\n■ 이 글의 목적을 나타낸 어구에 모두 빨간색 표시하세요.
2,2011,11,19,2011-11-19,[지칭추론],■ They[they]가 될 수 있는 첫 번째 명사에 동그라미 표시하시고 They의 특징에 대한 어구에 모두 빨간색 표시하세요.\r\n■ They[they]가 될 수 있는 두 번째 명사에 세모 표시하시고 They의 특징에 대한 어구에 모두 파란색 표시하세요.
1,2011,11,20,2011-11-20,[어법],■ 각 문항의 어법 출제 의도를 설명하시고 올바른 답을 고르세요.\r\n■ dog과 people 특징에 해당하는 어구에 모두 빨간색 표시하세요.\r\n■ 글쓴이의 주장에 해당하는 어구에 모두 파란색 표시하세요.
5,2011,11,21,2011-11-21,[어법],■ 각 문항의 어법 출제 의도를 설명하시고 올바른 답을 고르세요.\r\n■ “문제점”에 해당하는 어구에 모두 빨간색 표시하세요.\r\n■ “해결책”에 해당하는 어구에 모두 파란색 표시하세요.
4,2011,11,22,2011-11-22,[무관한문장],■ “digestive process”에 해당하는 어구에 모두 빨간색 표시하세요.
2,2011,11,23,2011-11-23,[주장],■ “이 글의 상황”에 해당하는 어구에 모두 빨간색 표시하세요.\r\n■ “필자의 주장”에 해당하는 어구에 모두 파란색 표시하세요.
2,2011,11,24,2011-11-24,[빈칸],■ spread happiness에 관한 어구에 모두 파란색 표시하세요.\r\n■ source of the happiness에 관한 어구에 모두 빨간색 표시하세요.
2,2011,11,25,2011-11-25,[빈칸],■ “quantity”에 관한 어구에 모두 파란색 표시하세요.\r\n■ “quality”에 관한 어구에 모두 빨간색 표시하세요.
1,2011,11,26,2011-11-26,[빈칸],■ “city ”가 일을 했을 때 과정 및 결과에 해당하는 어구에 모두 빨간색 표시하세요.\r\n■ “private company ”가 일을 했을 때 과정 및 결과에 해당하는 어구에 모두 파란색 표시하세요.
1,2011,11,27,2011-11-27,[빈칸],■ “normal-weight person”에 해당하는 어구에 모두 빨간색 표시하세요.\r\n■ “obese person”에 해당하는 어구에 모두 파란색 표시하세요.
1,2011,11,28,2011-11-28,[빈칸],■ 핵심어에 동그라미 표시하시고 “핵심어의 특징”에 해당하는 어구에 모두 빨간색 표시하세요.\r\n■ “핵심어의 효과”에 해당하는 어구에 모두 파란색 표시하세요.
2,2011,11,29,2011-11-29,[빈칸],■ “measure your effectiveness”에 해당하는 어구에 모두 빨간색 표시하세요.\r\n■ “글쓴이가 주장하는 최고의 방법”에 해당하는 어구에 모두 파란색 표시하세요.
5,2011,11,30,2011-11-30,[심경분위기],■ I의 심경을 나타내는 어구에 모두 파란색 표시하세요.
5,2011,11,31,2011-11-31,[어휘],■ “문제점”에 해당하는 어구에 모두 빨간색 표시하세요.\r\n■ “해결책”에 해당하는 어구에 모두 파란색 표시하세요.
4,2011,11,32,2011-11-32,[어휘],"■ “문제점, 하지 말아야 할 것”에 해당하는 어구에 모두 빨간색 표시하세요.\r\n■ “글쓴이의 주장”에 해당하는 어구에 모두 파란색 표시하세요."
5,2011,11,33,2011-11-33,[연결사],■ “문제점”에 해당하는 어구에 모두 빨간색 표시하세요.\r\n■ “해결책”에 해당하는 어구에 모두 파란색 표시하세요.\r\n■ “해결책 뒤에 발생한 문제점”에 해당하는 어구에 밑줄 표시하세요.
3,2011,11,34,2011-11-34,[주제],■ “innate ability”에 해당하는 어구에 모두 빨간색 표시하세요.\r\n■ “cultivate”에 해당하는 어구에 모두 파란색 표시하세요.
1,2011,11,35,2011-11-35,[주제],■ “modest physical activity”에 해당하는 어구에 모두 빨간색 표시하세요.\r\n■ “modest physical activity”에 대한 글쓴이의 주장에 해당하는 어구에 모두 파란색 표시하세요.
2,2011,11,36,2011-11-36,[일치불일치],■ 보기의 내용을 본문에 모두 번호 표시하시고 일치 하지 않는 내용은 올바르게 고치세요.\r\n■ strawberry poison arrow frog의 관한 내용에 대해서 모두 파란색 표시하세요.
3,2011,11,37,2011-11-37,[일치불일치],■ 보기의 내용을 본문에 모두 번호 표시하시고 일치 하지 않는 내용은 올바르게 고치세요.\r\n■ Uppsala의 관한 내용에 대해서 모두 파란색 표시하세요.
4,2011,11,38,2011-11-38,[도표],■ 도표의 내용과 일치 하지 않는 내용을 올바르게 고치세요.
5,2011,11,39,2011-11-39,[요지],■ “originally written”에 해당하는 어구에 모두 빨간색 표시하세요.\r\n■ “Simplifying great writing”에 해당하는 어구에 모두 파란색 표시하세요.
2,2011,11,40,2011-11-40,[요지],■ Breathing의 방법에 해당하는 어구에 모두 빨간색 표시하세요.\r\n■ Breathing의 방법에 따른 효과에 해당하는 어구에 모두 파란색 표시하세요.
2,2011,11,41,2011-11-41,[제목],"■ “tremble""에 해당하는 어구에 모두 빨간색 표시하세요.\r\n■ “water in the pool""에 해당하는 어구에 모두 파란색 표시하세요."
3,2011,11,42,2011-11-42,[제목],"■ ”rivals“에 해당하는 어구에 모두 빨간색 표시하세요.\r\n■ “rivals의 결과, 효과”에 관한 어구에 모두 파란색 표시하세요."
4,2011,11,43,2011-11-43,[순서],■ 앞 문장과의 연결고리가 될 수 있는 연결사를 찾아 세모표시하시고 대명사가 있으면 앞 문장의 무엇을 나타내는지 쓰세요.\r\n■ “문제점”에 해당하는 어구에 모두 빨간색 표시하세요.\r\n■ “해결책”의 효과에 해당하는 어구에 모두 파란색 표시하세요.
4,2011,11,44,2011-11-44,[문장넣기],■ 앞 문장과의 연결고리가 될 수 있는 연결사를 찾아 세모표시하시고 대명사가 있으면 앞 문장의 무엇을 나타내는지 쓰세요.\r\n■ 핵심어에 동그라미 표시하시고 핵심어에 대한 첫 번째 의견을 나타내는 어구에 모두 빨간색 표시하세요.\r\n■ 핵심어에 대한 두 번째 의견을 나타내는 어구에 모두 파란색 표시하세요.
2,2011,11,45,2011-11-45,[요약문완성],■ “(A)”에 해당하는 어구에 모두 빨간색 표시하세요.\r\n■ “(B)”에 해당하는 어구에 모두 파란색 표시하세요.
5,2011,11,46,2011-11-46,[장문2],■ “youth-oriented culture”에 해당하는 어구에 모두 빨간색 표시하세요.\r\n■ “youth-oriented culture”와 반대개념에 해당하는 어구에 모두 파란색 표시하세요.
4,2011,11,47,2011-11-47,[장문2],
2,2011,11,48,2011-11-48,[장문3],■ 이 글에서 앞 문장과의 연결고리가 될 수 있는 연결사를 찾아 세모표시하시고 대명사가 있으면 앞 문장의 무엇을 나타내는지 쓰세요.\r\n■ He[him]이 될 수 있는 첫 번째 명사에 동그라미 표시하시고 he의 특징에 대한 어구에 모두 빨간색 표시하세요.\r\n■ He[him]이 될 수 있는 두 번째 명사에 세모 표시하시고 he의 특징에 대한 어구에 모두 파란색 표시하세요.\r\n■ 50번 각 문항에 대한 것을 본문에 모두 밑줄 표시하시고 일치하지 않는 내용은 올바르게 고치세요.
2,2011,11,49,2011-11-49,[장문3],
2,2011,11,50,2011-11-50,[장문3],
5,2012,3,23,2012-03-23,[목적],■ 이 글의 배경을 나타내는 어구에 모두 파란색 표시하세요.\r\n■ 이 글의 목적을 나타내는 어구에 모두 빨간색 표시하세요.
3,2012,3,24,2012-03-24,[지칭추론],■ she[her]가 될 수 있는 첫 번째 명사에 동그라미 표시하시고 she의 특징에 대한 어구에 모두 빨간색 표시하세요.\r\n■ she[her]가 될 수 있는 두 번째 명사에 세모 표시하시고 she의 특징에 대한 어구에 모두 파란색 표시하세요.
2,2012,3,25,2012-03-25,[심경분위기],■ Jancsi의 심정을 나타내는 어구에 모두 빨간색 표시하세요.
5,2012,3,26,2012-03-26,[어법],■ 핵심어에 동그라미 표시하시고 핵심어의 특징을 나타내는 어구에 모두 빨간색 표시하세요.\r\n■ families에 해당하는 어구에 모두 파란색 표시하세요.
4,2012,3,27,2012-03-27,[어법],■ 핵심어에 동그라미 표시하시고 핵심어의 특징을 나타내는 어구에 모두 빨간색 표시하세요.\r\n■ “글쓴이의 주장”에 해당하는 어구에 모두 파란색 표시하세요.
3,2012,3,28,2012-03-28,[주장],■ forget your first love에 관한 어구에 모두 빨간색 표시하세요.\r\n■ forget your first love의 이유 및 원인에 해당하는 어구에 모두 파란색 표시하세요.
5,2012,3,29,2012-03-29,[빈칸],■ “between”에 해당하는 어구에 모두 파란색 표시하세요.\r\n■ between에 관한 글쓴이의 주장을 나타내는 어구에 모두 빨간색 표시하세요.
1,2012,3,30,2012-03-30,[빈칸],■ “method to clean its dirty tap water.”에 해당하는 어구에 모두 빨간색 표시하세요.\r\n■ clean its dirty tap water의 결과”에 해당하는 어구에 모두 파란색 표시하세요.
4,2012,3,31,2012-03-31,[빈칸],■ “글쓴이의 습관”에 해당하는 어구에 모두 빨간색 표시하세요.\r\n■ “글쓴이가 깨달은 점”에 해당하는 어구에 모두 파란색 표시하세요.
3,2012,3,32,2012-03-32,[빈칸],■ 핵심어에 동그라미 표시하시고 핵심어를 줄이는 방법에 해당하는 어구에 모두 빨간색 표시하세요.\r\n■ “핵심어의의 원인”에 해당하는 어구에 모두 파란색 표시하세요.
3,2012,3,33,2012-03-33,[빈칸],■ 핵심어에 동그라미 표시하시고 핵심어의 특징을 나타내는 어구에 모두 빨간색 표시하세요.\r\n■ “글쓴이의 주장”에 해당하는 어구에 모두 파란색 표시하세요.
5,2012,3,34,2012-03-34,[연결사],■ “문제점”을 나타내는 어구에 모두 파란색 표시하세요.\r\n■ “해결책”을 나타내는 어구에 모두 빨간색 표시하세요.
3,2012,3,35,2012-03-35,[어휘],■ “문제점”을 나타내는 어구에 모두 파란색 표시하세요.\r\n■ “해결책”을 나타내는 어구에 모두 빨간색 표시하세요.
3,2012,3,36,2012-03-36,[어휘],■ “ropes”을 나타내는 어구에 모두 파란색 표시하세요.\r\n■ “ropes의 역할”을 나타내는 어구에 모두 빨간색 표시하세요.
4,2012,3,37,2012-03-37,[주제],■ “문제점”에 해당하는 어구에 모두 빨간색 표시하세요.\r\n■ “해결책”에 해당하는 어구에 모두 파란색 표시하세요.
2,2012,3,38,2012-03-38,[요지],■ “value of a service”에 해당하는 어구에 모두 빨간색 표시하세요.\r\n■ “the amount of money”에 해당하는 어구에 모두 파란색 표시하세요.
4,2012,3,39,2012-03-39,[도표],■ 도표의 내용과 일치하지 않는 번호를 고르시고 내용을 올바르게 고치세요.
1,2012,3,40,2012-03-40,[일치불일치],■ Cesaria Evora의 관한 내용에 대해서 모두 파란색 표시하세요.
4,2012,3,41,2012-03-41,[제목],■ “일반 사람들의 잘못된 생각”에 해당하는 어구에 모두 빨간색 표시하세요.\r\n■ “글쓴이의 주장”에 해당하는 어구에 모두 파란색 표시하세요.
1,2012,3,42,2012-03-42,[순서],■ “문제점”에 해당하는 어구에 모두 빨간색 표시하세요.\r\n■ “해결책”에 해당하는 어구에 모두 파란색 표시하세요.
2,2012,3,43,2012-03-43,[장문3],■ 45번 보기의 내용을 본문에 모두 번호 표시하시고 일치 하지 않는 내용은 올바르게 고치세요.\r\n■ 이 글에서 앞문장과의 연결고리가 될 수 있는 연결사를 찾아 세모표시하시고 대명사가 있으면 앞문장의 무엇을 나타내는지 쓰세요.
2,2012,3,44,2012-03-44,[장문3],
2,2012,3,45,2012-03-45,[장문3],
1,2012,6,23,2012-06-23,[목적],■ 이 글의 배경을 나타내는 어구에 모두 파란색 표시하세요.\r\n■ 이 글의 목적을 나타내는 어구에 모두 빨간색 표시하세요.
4,2012,6,24,2012-06-24,[어법],■ 각 문항의 어법 출제 의도를 설명하시고 올바른 답을 고르세요.\r\n■ 문제점을 나타내는 어구에 모두 빨간색 표시하세요.\r\n■ 해결책을 나타내는 어구에 모두 파란색 표시하세요.
3,2012,6,25,2012-06-25,[무관한문장],■ 각 문항의 어법 출제 의도를 설명하시고 올바른 답을 고르세요.\r\n■ “beliefs and practices regarding feet and footwear”에 해당하는 어구에 모두 빨간색 표시하세요.
1,2012,6,26,2012-06-26,[심경분위기],■ 이 글의 분위기를 나타내는 어구에 모두 파란색 표시하세요.
3,2012,6,27,2012-06-27,[주장],■ “초반 상황”에 해당하는 어구에 모두 빨간색 표시하세요.\r\n■ “글쓴이의 주장”에 해당하는 어구에 모두 파란색 표시하세요.
4,2012,6,28,2012-06-28,[빈칸],■ “Jenny Hernandez”의 특징에 관한 어구에 모두 파란색 표시하세요.
2,2012,6,29,2012-06-29,[빈칸],■ “Dogs”의 특성을 나타내는 어구에 모두 파란색 표시하세요.
4,2012,6,30,2012-06-30,[빈칸],■ “winning field goal kicker”에 해당하는 어구에 모두 빨간색 표시하세요.\r\n■ “loser”에 해당하는 어구에 모두 파란색 표시하세요.
3,2012,6,31,2012-06-31,[빈칸],■ “mud­slinging”에 해당하는 어구에 모두 빨간색 표시하세요.\r\n■ “글쓴이의 주장”에 해당하는 어구에 모두 파란색 표시하세요.
2,2012,6,32,2012-06-32,[연결사],■ “what will happen”에 해당하는 어구에 모두 빨간색 표시하세요.\r\n■ “what happened”에 해당하는 어구에 모두 파란색 표시하세요.
1,2012,6,33,2012-06-33,[어휘],■ “일반 사람들의 통념”에 해당하는 어구에 모두 빨간색 표시하세요.\r\n■ “글쓴이의 주장” 에 해당하는 어구에 모두 파란색 표시하세요.
3,2012,6,34,2012-06-34,[주제],■ 이 글의 핵심 어구에 동그라미 표시하시고 핵심어와 관련된 어구에 모두 모두 빨간색 표시하세요.\r\n■ 핵심어와 반대개념의 어구에 모두 파란색 표시하세요.
5,2012,6,35,2012-06-35,[도표],■ 도표의 내용과 일치 하지 않는 내용을 올바르게 고치세요.
3,2012,6,36,2012-06-36,[일치불일치],■ 보기의 내용을 본문에 모두 번호 표시하시고 일치 하지 않는 내용은 올바르게 고치세요.\r\n■ Cantor’s giant softshell turtle의 관한 내용에 대해서 모두 파란색 표시하세요.
1,2012,6,37,2012-06-37,[요지],■ “rumor”에 해당하는 어구에 모두 빨간색 표시하세요.\r\n■ “feathers”에 해당하는 어구에 모두 파란색 표시하세요.
1,2012,6,38,2012-06-38,[제목],■ 제문 형광색 표시하시고 영어로 적어보세요.\r\n■ “upas”에 해당하는 어구에 모두 빨간색 표시하세요.\r\n■ “upas”와 반대개념의 어구에 모두 파란색 표시하세요.
4,2012,6,39,2012-06-39,[문장넣기],■ 이 글에서 앞 문장과의 연결고리가 될 수 있는 연결사를 찾아 세모표시하시고 대명사가 있으면 앞 문장의 무엇을 나타내는지 쓰세요.\r\n■ “responsibility”에 해당하는 어구에 모두 빨간색 표시하세요.\r\n■ “responsibility의 결과”에 해당하는 어구에 모두 파란색 표시하세요.
5,2012,6,40,2012-06-40,[요약문완성],■ “catching”에 해당하는 어구에 모두 빨간색 표시하세요.\r\n■ “attitude”에 해당하는 어구에 모두 파란색 표시하세요.
5,2012,6,41,2012-06-41,[장문2],■ “treated as important”에 해당하는 어구에 모두 빨간색 표시하세요.\r\n■ “treated as important”반대 개념에 해당하는 어구에 모두 파란색 표시하세요.
2,2012,6,42,2012-06-42,[장문2],
2,2012,6,43,2012-06-43,[장문3],■ she[her]가 될 수 있는 첫 번째 명사에 동그라미 표시하시고 she의 특징에 대한 어구에 모두 빨간색 표시하세요.\r\n■ she[her]가 될 수 있는 두 번째 명사에 세모 표시하시고 she의 특징에 대한 어구에 모두 파란색 표시하세요.\r\n■ 45번 보기의 내용을 본문에 모두 번호 표시하시고 일치 하지 않는 내용은 올바르게 고치세요.\r\n■ 이 글에서 앞 문장과의 연결고리가 될 수 있는 연결사를 찾아 세모표시하시고 대명사가 있으면 앞 문장의 무엇을 나타내는지 쓰세요.
3,2012,6,44,2012-06-44,[장문3],
4,2012,6,45,2012-06-45,[장문3],
4,2012,9,23,2012-09-23,[목적],■ 이 글의 배경을 나타내는 어구에 모두 파란색 표시하세요.\r\n■ 이 글의 목적을 나타내는 어구에 모두 빨간색 표시하세요.
4,2012,9,24,2012-09-24,[지칭추론],■ 이 글에서 she[her]가 될 수 있는 첫 번째 명사를 고르시고 그것의 행동에 관한 것에 모두 파란색 표시하세요.\r\n■ 이 글에서 she[her]가 될 수 있는 두 번째 명사를 고르시고 그것의 행동에 관한 것에 모두 빨간색 표시하세요.
4,2012,9,25,2012-09-25,[어휘],■ “change in one area affects other areas”에 해당하는 어구에 모두 빨간색 표시하세요.\r\n■ “understand and predict changes in the weather more accurately”에 해당하는 어구에 모두 파란색 표시하세요.
3,2012,9,26,2012-09-26,[주장],■ “foolish”에 해당하는 어구에 모두 빨간색 표시하세요.\r\n■ “foolish”와 반대 개념의 어구에 모두 파란색 표시하세요.
1,2012,9,27,2012-09-27,[빈칸],■ “빈칸에 들어갈 말”과 비슷한 개념의 어구에 모두 빨간색 표시하세요.
1,2012,9,28,2012-09-28,[빈칸],■ “실험의 조건 및 결과”에 관한 어구에 모두 파란색 표시하세요.\r\n■ “핵심어의 기능”에 관한 어구에 모두 빨간색 표시하세요.
3,2012,9,29,2012-09-29,[빈칸],■ “made to feel good about themselves”와 비슷한 개념의 어구에 모두 파란색 표시하세요.\r\n■ “made to feel good about themselves”와 반대 개념의 어구에 모두 파란색 표시하세요.
2,2012,9,30,2012-09-30,[빈칸],■ “문제점”에 해당하는 어구에 모두 빨간색 표시하세요.\r\n■ “해결책”에 해당하는 어구에 모두 파란색 표시하세요.
5,2012,9,31,2012-09-31,[주제],■ “Art”에 해당하는 어구에 모두 빨간색 표시하세요.\r\n■ “Arts education”에 해당하는 어구에 모두 파란색 표시하세요.
5,2012,9,32,2012-09-32,[연결사],■ “leisure activity에 해당하는 어구에 모두 빨간색 표시하세요.\r\n■ “spending habits get out of hand”에 해당하는 어구에 모두 파란색 표시하세요.
5,2012,9,33,2012-09-33,[도표],■ 도표의 내용과 일치 하지 않는 내용을 올바르게 고치세요.
4,2012,9,34,2012-09-34,[어법],■ 각 문항 당 어법상 출제 의도를 설명하시고 틀린 것은 올바르게 고치세요.\r\n■ “부모님의 행동”에 관한 어구에 모두 빨간색 표시하세요.\r\n■ “couple의 행동”에 관한 어구에 모두 파란색 표시하세요.
3,2012,9,35,2012-09-35,[일치불일치],■ 보기의 내용을 본문에 모두 번호 표시하시고 일치 하지 않는 내용은 올바르게 고치세요.\r\n■ Matthew Henson의 관한 내용에 대해서 모두 파란색 표시하세요.
3,2012,9,36,2012-09-36,[요지],■ “enjoy it for its own sake.”에 해당하는 어구에 모두 빨간색 표시하세요.\r\n■ “enjoy it for its own sake.”반대 개념에 해당하는 어구에 모두 파란색 표시하세요.
5,2012,9,37,2012-09-37,[제목],■ “heartwarming news story”에 해당하는 어구에 모두 빨간색 표시하세요.\r\n■ “opposite cases”에 해당하는 어구에 모두 파란색 표시하세요.
3,2012,9,38,2012-09-38,[무관한문장],■ “remarkable memory”에 해당하는 어구에 모두 빨간색 표시하세요.\r\n■ “interesting question”에 해당하는 어구에 모두 파란색 표시하세요.
3,2012,9,39,2012-09-39,[순서],"■ 이 글에서 앞 문장과의 연결고리가 될 수 있는 연결사를 찾아 세모표시하시고 대명사가 있으면 앞 문장의 무엇을 나타내는지 쓰세요.\r\n■ “Wheat, a symbol of fertility, was carried”에 해당하는 어구에 모두 빨간색 표시하세요.\r\n■ “wheat was no longer tossed”에 해당하는 어구에 모두 파란색 표시하세요."
4,2012,9,40,2012-09-40,[문장넣기],■ “guard 의 주장 및 증거”에 해당하는 어구에 모두 빨간색 표시하세요.\r\n■ “사람들의 반응”에 해당하는 어구에 모두 파란색 표시하세요.
4,2012,9,41,2012-09-41,[장문3],■ he[him]가 될 수 있는 첫 번째 명사에 동그라미 표시하시고 him의 특징 혹은 행동 대한 어구에 모두 빨간색 표시하세요.\r\n■ he[him]가 될 수 있는 두 번째 명사에 세모 표시하시고 him의 특징 혹은 행동 대한 어구에 모두 파란색 표시하세요.\r\n■ 43번 보기의 내용을 본문에 모두 번호 표시하시고 일치 하지 않는 내용은 올바르게 고치세요.\r\n■ 이 글에서 앞 문장과의 연결고리가 될 수 있는 연결사를 찾아 세모표시하시고 대명사가 있으면 앞 문장의 무엇을 나타내는지 쓰세요.
3,2012,9,42,2012-09-42,[장문3],
2,2012,9,43,2012-09-43,[장문3],
4,2012,9,44,2012-09-44,[장문2],■ “social glue”에 해당하는 어구에 모두 빨간색 표시하세요.\r\n■ “social glue”반대 개념에 해당하는 어구에 모두 파란색 표시하세요.
1,2012,9,45,2012-09-45,[장문2],
2,2012,11,23,2012-11-23,[주장],■ “글쓴이의 주장”을 나타내는 어구에 모두 파란색 표시하세요.\r\n■ “주장의 근거”를 나타내는 어구에 모두 빨간색 표시하세요.
4,2012,11,24,2012-11-24,[요지],■ “unexpected occurrence.”을 나타내는 어구에 모두 파란색 표시하세요.\r\n■ “keep working”를 나타내는 어구에 모두 빨간색 표시하세요.
4,2012,11,25,2012-11-25,[제목],■ “disconnected from the natural environment”에 해당하는 어구에 모두 빨간색 표시하세요.\r\n■ “contact with nature”에 해당하는 어구에 모두 파란색 표시하세요.
5,2012,11,26,2012-11-26,[지칭추론],■ he[him]가 될 수 있는 첫 번째 명사에 동그라미 표시하시고 him의 특징 혹은 행동 대한 어구에 모두 빨간색 표시하세요.\r\n■ he[him]가 될 수 있는 두 번째 명사에 세모 표시하시고 him의 특징 혹은 행동 대한 어구에 모두 파란색 표시하세요.
3,2012,11,27,2012-11-27,[어법],■ 각 문항의 어법 출제 의도를 설명하시고 올바른 답을 고르세요.\r\n■ 이 글의 핵심어에 동그라미 표시하시고 핵심어의 특징을 나타내는 어구에 모두 빨간색 표시하세요.\r\n■ 특징의 원인을 나타내는 어구에 모두 파란색 표시하세요.
4,2012,11,28,2012-11-28,[어휘],■ counseling process에 관한 “일반적인 사람의 통념”에 관한 어구에 모두 파란색 표시하세요.\r\n■ “글쓴이의 주장”에 관한 어구에 모두 빨간색 표시하세요.
4,2012,11,29,2012-11-29,[도표],■ 도표의 내용과 일치 하지 않는 내용을 올바르게 고치세요.
2,2012,11,30,2012-11-30,[일치불일치],■ 보기의 내용을 본문에 모두 번호 표시하시고 일치 하지 않는 내용은 올바르게 고치세요.\r\n■ Obsorb의 관한 내용에 대해서 모두 파란색 표시하세요.
4,2012,11,31,2012-11-31,[빈칸],■ “observe”에 해당하는 어구에 모두 빨간색 표시하세요.\r\n■ “learn”에 해당하는 어구에 모두 파란색 표시하세요.
2,2012,11,32,2012-11-32,[빈칸],■ “mirror”에 해당하는 어구에 모두 빨간색 표시하세요.\r\n■ “mirror”의 반대개념에 해당하는 어구에 모두 파란색 표시하세요.
1,2012,11,33,2012-11-33,[빈칸],■ “silliest suggestions”에 해당하는 어구에 모두 빨간색 표시하세요.\r\n■ “best idea”에 해당하는 어구에 모두 파란색 표시하세요.
1,2012,11,34,2012-11-34,[빈칸],■ “garbage processing centers”에 관한 어구에 모두 빨간색 표시하세요.\r\n■ “buy”에 관한 어구에 모두 파란색 표시하세요.
3,2012,11,35,2012-11-35,[빈칸],■ “competitiveness”에 관한 어구에 모두 빨간색 표시하세요.\r\n■ “competitiveness”의 반대 개념에 관한 어구에 모두 파란색 표시하세요.
5,2012,11,36,2012-11-36,[빈칸],■ “can't predict the future”에 관한 어구에 모두 빨간색 표시하세요.\r\n■ “can't predict the future”의 이유 및 글쓴이의 주장에 관한 어구에 모두 파란색 표시하세요.
3,2012,11,37,2012-11-37,[연결사],■ “treating people with respect.”에 해당하는 어구에 모두 빨간색 표시하세요.\r\n■ “feel connected”에 해당하는 어구에 모두 파란색 표시하세요.
1,2012,11,38,2012-11-38,[순서],■ 이 글에서 앞 문장과의 연결고리가 될 수 있는 연결사를 찾아 세모표시하시고 대명사가 있으면 앞 문장의 무엇을 나타내는지 쓰세요.\r\n■ “academic painters”에 해당하는 어구에 모두 빨간색 표시하세요.\r\n■ “folk painting”에 해당하는 어구에 모두 파란색 표시하세요.
4,2012,11,39,2012-11-39,[문장넣기],■ 이 글에서 앞 문장과의 연결고리가 될 수 있는 연결사를 찾아 세모표시하시고 대명사가 있으면 앞 문장의 무엇을 나타내는지 쓰세요.\r\n■ “drove the boom in piano sales”에 해당하는 어구에 모두 빨간색 표시하세요.\r\n■ “drove the boom in piano sales”반대 개념에 해당하는 어구에 모두 파란색 표시하세요.
2,2012,11,40,2012-11-40,[요약문완성],■ “cooking”에 해당하는 어구에 모두 빨간색 표시하세요.\r\n■ “cooking”의 결과 해당하는 어구에 모두 파란색 표시하세요.
4,2012,11,41,2012-11-41,[장문2],■ “analysis”에 해당하는 어구에 모두 빨간색 표시하세요.\r\n■ “analysis” 반대 개념에 해당하는 어구에 모두 파란색 표시하세요.
4,2012,11,42,2012-11-42,[장문2],
2,2012,11,43,2012-11-43,[장문3],■ he[him]가 될 수 있는 첫 번째 명사에 동그라미 표시하시고 him의 특징 혹은 행동 대한 어구에 모두 빨간색 표시하세요.\r\n■ he[him]가 될 수 있는 두 번째 명사에 세모 표시하시고 him의 특징 혹은 행동 대한 어구에 모두 파란색 표시하세요.\r\n■ 45번 보기의 내용을 본문에 모두 번호 표시하시고 일치 하지 않는 내용은 올바르게 고치세요.\r\n■ 이 글에서 앞 문장과의 연결고리가 될 수 있는 연결사를 찾아 세모표시하시고 대명사가 있으면 앞 문장의 무엇을 나타내는지 쓰세요.
2,2012,11,44,2012-11-44,[장문3],
2,2012,11,45,2012-11-45,[장문3],
4,2013,3,23,2013-03-23,[주장],■ “limit their lives”에 해당하는 어구에 모두 빨간색 표시하세요.\r\n■ “글쓴이의 주장”에 해당하는 어구에 모두 파란색 표시하세요.
4,2013,3,24,2013-03-24,[요지],■ “somebody”에 해당하는 어구에 모두 빨간색 표시하세요.\r\n■ “당신의 태도”를 나타낸 어구에 모두 파란색 표시하세요.
3,2013,3,25,2013-03-25,[제목],■ “Tuesdays”에 해당하는 어구에 모두 빨간색 표시하세요.\r\n■ “Tuesdays”의 반대개념 해당하는 어구에 모두 파란색 표시하세요.
5,2013,3,26,2013-03-26,[지칭추론],■ He[him]이 될 수 있는 첫 번째 명사에 동그라미 표시하시고 They의 특징에 대한 어구에 모두 빨간색 표시하세요.\r\n■ He[him]이 될 수 있는 두 번째 명사에 세모 표시하시고 They의 특징에 대한 어구에 모두 파란색 표시하세요.
3,2013,3,27,2013-03-27,[어법],■ 각 문항의 어법 출제 의도를 설명하시고 올바른 답을 고르세요.\r\n■ “different chair drawings”에 해당하는 어구에 모두 빨간색 표시하세요.\r\n■ “글쓴이의 주장”에 해당하는 어구에 모두 파란색 표시하세요.
4,2013,3,28,2013-03-28,[어휘],■ “come up with clever plans”에 관한 어구에 모두 파란색 표시하세요.
4,2013,3,29,2013-03-29,[도표],■ 도표의 내용과 일치 하지 않는 내용을 올바르게 고치세요.
3,2013,3,30,2013-03-30,[일치불일치],■ 보기의 내용을 본문에 모두 번호 표시하시고 일치 하지 않는 내용은 올바르게 고치세요.\r\n■ Grace의 관한 내용에 대해서 모두 파란색 표시하세요.
5,2013,3,31,2013-03-31,[빈칸],■ “exactly alike”에 해당하는 어구에 모두 빨간색 표시하세요.\r\n■ “exactly alike”와 반대 개념의 어구에 모두 파란색 표시하세요.
4,2013,3,32,2013-03-32,[빈칸],■ 이 글의 핵심어에 동그라미 표시하시고 핵심어의 특징 에 해당하는 어구에 모두 빨간색 표시하세요.
4,2013,3,33,2013-03-33,[빈칸],■ “tornado”의 특징에 해당하는 어구에 모두 빨간색 표시하세요.
3,2013,3,34,2013-03-34,[빈칸],■ “fulfillment”에 해당하는 어구에 모두 빨간색 표시하세요.\r\n■ “fulfillment”와 반대 개념의 어구에 모두 파란색 표시하세요.
4,2013,3,35,2013-03-35,[빈칸],■ “Olympics”의 특징 관한 어구에 모두 파란색 표시하세요.
3,2013,3,36,2013-03-36,[빈칸],■ “you need to remember”에 관한 어구에 모두 파란색 표시하세요.\r\n■ “you need to remember”에 반대 개념 관한 어구에 모두 빨간색 표시하세요.
4,2013,3,37,2013-03-37,[연결사],■ 이 글의 핵심어에 동그라미 표시하시고 핵심어의 첫 번째 예시에 해당하는 어구에 모두 빨간색 표시하세요.\r\n■ 핵심어의 두 번째 예시에 해당하는 어구에 모두 파란색 표시하세요.
4,2013,3,38,2013-03-38,[순서],■ 이 글에서 앞 문장과의 연결고리가 될 수 있는 연결사를 찾아 세모표시하시고 대명사가 있으면 앞 문장의 무엇을 나타내는지 쓰세요.\r\n■ Winston Churchill의 행동 해당하는 어구에 모두 빨간색 표시하세요.\r\n■ Henry Luce의 행동에 해당하는 어구에 모두 파란색 표시하세요.
3,2013,3,39,2013-03-39,[문장넣기],■ 이 글에서 앞 문장과의 연결고리가 될 수 있는 연결사를 찾아 세모표시하시고 대명사가 있으면 앞 문장의 무엇을 나타내는지 쓰세요.\r\n■ “earth were flat”에 해당하는 어구에 모두 빨간색 표시하세요.\r\n■ “earth were flat”과 반대 개념에 해당하는 어구에 모두 파란색 표시하세요.
3,2013,3,40,2013-03-40,[요약문완성],■ “relational words”에 해당하는 어구에 모두 빨간색 표시하세요.\r\n■ “live longer”에 해당하는 어구에 모두 파란색 표시하세요.
5,2013,3,41,2013-03-41,[장문2],■ “animals”에 해당하는 어구에 모두 빨간색 표시하세요.\r\n■ “Plants”에 해당하는 어구에 모두 파란색 표시하세요.
1,2013,3,42,2013-03-42,[장문2],
5,2013,3,43,2013-03-43,[장문3],■he[him]이 될 수 있는 첫 번째 명사에 동그라미 표시하시고 he의 특징 혹은 행동에 대한 어구에 모두 빨간색 표시하세요.\r\n■ he[him]이  될 수 있는 두 번째 명사에 세모 표시하시고 he의 특징 혹은 행동에 대한 어구에 모두 파란색 표시하세요.\r\n■ 45번 보기의 내용을 본문에 모두 번호 표시하시고 일치 하지 않는 내용은 올바르게 고치세요.\r\n■ 이 글에서 앞 문장과의 연결고리가 될 수 있는 연결사를 찾아 세모 표시하시고 대명사가 있으면 앞 문장의 무엇을 나타내는지 쓰세요.
1,2013,3,44,2013-03-44,[장문3],
5,2013,3,45,2013-03-45,[장문3],
1,2013,6,23,2013-06-23,[목적],■ “이글의 배경”에 해당하는 어구에 모두 빨간색 표시하세요.\r\n■ “글의 목적”에 해당하는 어구에 모두 파란색 표시하세요.
2,2013,6,24,2013-06-24,[주장],■ “Generalized praise”에 해당하는 어구에 모두 빨간색 표시하세요.\r\n■ “Generalized praise”의 반대개념을 나타낸 어구에 모두 파란색 표시하세요.
2,2013,6,25,2013-06-25,[제목],■ “fifteen months”에 해당하는 어구에 모두 빨간색 표시하세요.\r\n■ “two weeks”에 해당하는 어구에 모두 파란색 표시하세요.
3,2013,6,26,2013-06-26,[지칭추론],■ He[him]이 될 수 있는 첫 번째 명사에 동그라미 표시하시고 They의 특징에 대한 어구에 모두 빨간색 표시하세요.\r\n■ He[him]이 될 수 있는 두 번째 명사에 세모 표시하시고 They의 특징에 대한 어구에 모두 파란색 표시하세요.
3,2013,6,27,2013-06-27,[어법],■ 각 문항의 어법 출제 의도를 설명하시고 올바른 답을 고르세요.\r\n■ “I의 입장”에 해당하는 어구에 모두 빨간색 표시하세요.\r\n■ “My mother 의 입장”에 해당하는 어구에 모두 파란색 표시하세요.
1,2013,6,28,2013-06-28,[어휘],■ 이 글의 핵심어에 동그라미 표시하시고 핵심어의 긍정적 기능을 나타낸 어구에 모두 파란색 표시하세요.\r\n■ 핵심어의 부정적 기능을 나타낸 어구에 모두 빨간색 표시하세요.
5,2013,6,29,2013-06-29,[도표],■ 도표의 내용과 일치 하지 않는 내용을 올바르게 고치세요.
1,2013,6,30,2013-06-30,[일치불일치],■ 보기의 내용을 본문에 모두 번호 표시하시고 일치 하지 않는 내용은 올바르게 고치세요.\r\n■ Botswana의 관한 내용에 대해서 모두 파란색 표시하세요.
5,2013,6,31,2013-06-31,[심경분위기],■ 분위기를 나타낸 어구에 모두 밑줄 표시하세요.
2,2013,6,32,2013-06-32,[빈칸],■ “Output decreases” 에 해당하는 어구에 모두 빨간색 표시하세요.\r\n■ “Break”에 해당하는 어구에 모두 파란색 표시하세요.
4,2013,6,33,2013-06-33,[빈칸],■ “box made out of plastic and glass”에 해당하는 어구에 모두 빨간색 표시하세요.\r\n■ “ruin the manners”에 해당하는 어구에 모두 파란색 표시하세요.
3,2013,6,34,2013-06-34,[빈칸],■ “animals use a type of language”에 해당하는 어구에 모두 빨간색 표시하세요.\r\n■ “learning takes some time”에 해당하는 어구에 모두 파란색 표시하세요.
5,2013,6,35,2013-06-35,[빈칸],■ “changes only one thing”에 관한 어구에 모두 파란색 표시하세요.\r\n■ changes only one thing의 결과“에 관한 어구에 모두 빨간색 표시하세요.
1,2013,6,36,2013-06-36,[빈칸],■ “sound is carried”에 관한 어구에 모두 파란색 표시하세요.\r\n■ “sound is carried”의 방법 관한 어구에 모두 빨간색 표시하세요.
5,2013,6,37,2013-06-37,[연결사],■ “remove”에 해당하는 어구에 모두 빨간색 표시하세요.\r\n■ “remove”의 결과에 해당하는 어구에 모두 파란색 표시하세요.
4,2013,6,38,2013-06-38,[순서],■ 이 글에서 앞 문장과의 연결고리가 될 수 있는 연결사를 찾아 세모표시하시고 대명사가 있으면 앞 문장의 무엇을 나타내는지 쓰세요.\r\n■ Creating a cushion에 해당하는 어구에 모두 빨간색 표시하세요.
3,2013,6,39,2013-06-39,[문장넣기],■ 이 글에서 앞 문장과의 연결고리가 될 수 있는 연결사를 찾아 세모표시하시고 대명사가 있으면 앞 문장의 무엇을 나타내는지 쓰세요.\r\n■ “Dolphins love to imitate”에 해당하는 어구에 모두 빨간색 표시하세요.\r\n■ “don’t limit themselves to imitating each other”에 해당하는 어구에 모두 파란색 표시하세요.
5,2013,6,40,2013-06-40,[요약문완성],■ “(A)”에 해당하는 어구에 모두 빨간색 표시하세요.\r\n■ “(B)”에 해당하는 어구에 모두 파란색 표시하세요.
4,2013,6,41,2013-06-41,[장문2],■ “problem-solving”에 해당하는 어구에 모두 빨간색 표시하세요.\r\n■ “acknowledgment of feelings”에 해당하는 어구에 모두 파란색 표시하세요.
2,2013,6,42,2013-06-42,[장문2],
5,2013,6,43,2013-06-43,[장문3],■ 이 글에서 앞 문장과의 연결고리가 될 수 있는 연결사를 찾아 세모 표시하시고 대명사가 있으면 앞 문장의 무엇을 나타내는지 쓰세요.\r\n■ he[him]이 될 수 있는 첫 번째 명사에 동그라미 표시하시고 he의 특징 혹은 행동에 대한 어구에 모두 빨간색 표시하세요.\r\n■ he[him]이  될 수 있는 두 번째 명사에 세모 표시하시고 he의 특징 혹은 행동에 대한 어구에 모두 파란색 표시하세요.\r\n■ 45번 보기의 내용을 본문에 모두 번호 표시하시고 일치 하지 않는 내용은 올바르게 고치세요.
2,2013,6,44,2013-06-44,[장문3],
1,2013,6,45,2013-06-45,[장문3],
4,2013,9,23,2013-09-23,[주장],■ “simple change in route”에 해당하는 어구에 모두 빨간색 표시하세요.\r\n■ “changed our whole day”에 해당하는 어구에 모두 파란색 표시하세요.
4,2013,9,24,2013-09-24,[요지],■ “frog”에 해당하는 어구에 모두 빨간색 표시하세요.\r\n■ “글쓴이의 주장”에 해당하는 어구에 모두 파란색 표시하세요.
5,2013,9,25,2013-09-25,[제목],■ “increase your water”에 해당하는 어구에 모두 빨간색 표시하세요.\r\n■ “increase your water”반대 개념의 어구에 모두 파란색 표시하세요.
5,2013,9,26,2013-09-26,[지칭추론],■ He[him]이 될 수 있는 첫 번째 명사에 동그라미 표시하시고 They의 특징에 대한 어구에 모두 빨간색 표시하세요.\r\n■ He[him]이 될 수 있는 두 번째 명사에 세모 표시하시고 They의 특징에 대한 어구에 모두 파란색 표시하세요.
2,2013,9,27,2013-09-27,[어법],■ 각 문항의 어법 출제 의도를 설명하시고 올바른 답을 고르세요.\r\n■ “Grateful people”에 해당하는 어구에 모두 빨간색 표시하세요.\r\n■ “Selfish adults”에 해당하는 어구에 모두 파란색 표시하세요.
2,2013,9,28,2013-09-28,[어휘],■ “groups”를 나타낸 어구에 모두 파란색 표시하세요.\r\n■ “groups”과 반대 개념을 나타낸 어구에 모두 빨간색 표시하세요.
3,2013,9,29,2013-09-29,[도표],■ 도표의 내용과 일치 하지 않는 내용을 올바르게 고치세요.
1,2013,9,30,2013-09-30,[일치불일치],■ 보기의 내용을 본문에 모두 번호 표시하시고 일치 하지 않는 내용은 올바르게 고치세요.\r\n■ American Coots의 관한 내용에 대해서 모두 파란색 표시하세요.
4,2013,9,31,2013-09-31,[빈칸],■ “consistency” 에 해당하는 어구에 모두 빨간색 표시하세요.\r\n■ “consistency”와 반대 개념의 어구에 모두 파란색 표시하세요.
5,2013,9,32,2013-09-32,[빈칸],■ “old map” 에 해당하는 어구에 모두 빨간색 표시하세요.\r\n■ “modern map ”에 해당하는 어구에 모두 파란색 표시하세요.
5,2013,9,33,2013-09-33,[빈칸],■ “아이들의 특징”에 해당하는 어구에 모두 빨간색 표시하세요.\r\n■ “부모님의 역할”에 해당하는 어구에 모두 파란색 표시하세요.
4,2013,9,34,2013-09-34,[빈칸],■ 핵심어에 동그라미 표시하시고 핵심어의 역할에 해당하는 어구에 모두 빨간색 표시하세요.\r\n■ “핵심어의 역할의 원인”에 해당하는 어구에 모두 파란색 표시하세요.
3,2013,9,35,2013-09-35,[빈칸],■ “encounter a dangerous circumstance”에 관한 어구에 모두 파란색 표시하세요.\r\n■ “encounter a dangerous circumstance”때의 결과에 관한 어구에 모두 빨간색 표시하세요.
2,2013,9,36,2013-09-36,[빈칸],■ “이 글의 배경”에 관한 어구에 모두 파란색 표시하세요.\r\n■ “글쓴이의 주장”에 관한 어구에 모두 빨간색 표시하세요.
2,2013,9,37,2013-09-37,[연결사],■ “media”의 주장에 해당하는 어구에 모두 빨간색 표시하세요.\r\n■ “글쓴이의 주장”에 해당하는 어구에 모두 파란색 표시하세요.
1,2013,9,38,2013-09-38,[순서],■ 이 글에서 앞 문장과의 연결고리가 될 수 있는 연결사를 찾아 세모표시하시고 대명사가 있으면 앞 문장의 무엇을 나타내는지 쓰세요.\r\n■ 핵심어에 동그라미 표시하시고 핵심어의 정의 및 핵심어를 하는 상황에 관한 어구에 모두 밑줄 표시하세요.\r\n■ physiological reason behind blinking에 관한 어구에 모두 빨간색 표시하세요.\r\n■ psychological reasons behind blinking에 관한 어구에 모두 파란색 표시하세요.
4,2013,9,39,2013-09-39,[문장넣기],■ 이 글에서 앞 문장과의 연결고리가 될 수 있는 연결사를 찾아 세모표시하시고 대명사가 있으면 앞 문장의 무엇을 나타내는지 쓰세요.\r\n■ 핵심어에 동그라미 표시하시고 핵심어가 적용되는 첫번째 분야에 관한 어구에 모두 빨간색 표시하세요.\r\n■ 핵심어가 적용되는 두번째 분야에 모두 파란색 표시하세요.
4,2013,9,40,2013-09-40,[요약문완성],■ “immediate reward”에 해당하는 어구에 모두 빨간색 표시하세요.\r\n■ “delayed reward”에 해당하는 어구에 모두 파란색 표시하세요.
5,2013,9,41,2013-09-41,[장문2],■ “The responses of others”에 해당하는 어구에 모두 빨간색 표시하세요.\r\n■ “bring value to your mode of self-expression”에 해당하는 어구에 모두 파란색 표시하세요.
3,2013,9,42,2013-09-42,[장문2],
1,2013,9,43,2013-09-43,[장문3],■ she[her]이 될 수 있는 첫 번째 명사에 동그라미 표시하시고 she의 특징 혹은 행동에 대한 어구에 모두 빨간색 표시하세요.\r\n■ she[her]이  될 수 있는 두 번째 명사에 세모 표시하시고 she의 특징 혹은 행동에 대한 어구에 모두 파란색 표시하세요.\r\n■ 45번 보기의 내용을 본문에 모두 번호 표시하시고 일치 하지 않는 내용은 올바르게 고치세요.\r\n■ 이 글에서 앞 문장과의 연결고리가 될 수 있는 연결사를 찾아 세모 표시하시고 대명사가 있으면 앞 문장의 무엇을 나타내는지 쓰세요.
3,2013,9,44,2013-09-44,[장문3],
5,2013,9,45,2013-09-45,[장문3],
4,2013,11,23,2013-11-23,[지칭추론],"■ she[her]이 될 수 있는 첫 번째 명사에 동그라미 표시하시고 she의 행동, 특징에 대한 어구에 모두 빨간색 표시하세요.\r\n■ she[her]이 될 수 있는 두 번째 명사에 세모 표시하시고 she의 행동, 특징에 대한 어구에 모두 파란색 표시하세요."
1,2013,11,24,2013-11-24,[요지],■ “depends on how you feel.”에 해당하는 어구에 모두 빨간색 표시하세요.
4,2013,11,25,2013-11-25,[주제],■ “Hippocratic ideas”에 해당하는 어구에 모두 빨간색 표시하세요.
1,2013,11,26,2013-11-26,[제목],■ “identify your values”에 해당하는 어구에 모두 빨간색 표시하세요.
4,2013,11,27,2013-11-27,[어법],■ 각 문항의 어법 출제 의도를 설명하시고 올바른 답을 고르세요.\r\n■ “zigzag”에 해당하는 어구에 모두 빨간색 표시하세요.\r\n■ “work harder”에 해당하는 어구에 모두 파란색 표시하세요.
4,2013,11,28,2013-11-28,[어휘],■ “leader’s emotional style”를 나타낸 어구에 모두 파란색 표시하세요.\r\n■ “everyone else’s moods and behaviors.”를 나타낸 어구에 모두 빨간색 표시하세요.
3,2013,11,29,2013-11-29,[도표],■ 도표의 내용과 일치 하지 않는 내용을 올바르게 고치세요.
3,2013,11,30,2013-11-30,[일치불일치],■ 보기의 내용을 본문에 모두 번호 표시하시고 일치 하지 않는 내용은 올바르게 고치세요.\r\n■ Clyde W. Tombaugh의 관한 내용에 대해서 모두 파란색 표시하세요.
1,2013,11,31,2013-11-31,[빈칸],■ “running” 에 해당하는 어구에 모두 빨간색 표시하세요.\r\n■ “yoga”에 해당하는 어구에 모두 파란색 표시하세요.\r\n■ weight lifting에 해당하는 어구에 모두 밑줄 표시하세요.
4,2013,11,32,2013-11-32,[빈칸],■ “enter a room” 에 해당하는 어구에 모두 빨간색 표시하세요.\r\n■ “bring a type of energy ”에 해당하는 어구에 모두 파란색 표시하세요.
1,2013,11,33,2013-11-33,[빈칸],■ 핵심어에 동그라미 표시하시고 loyal에 관한 어구에 모두 파란색 표시하세요.\r\n■ “break the deal” 에 해당하는 어구에 모두 빨간색 표시하세요.
3,2013,11,34,2013-11-34,[빈칸],■ “Ethical decision”에 해당하는 어구에 모두 빨간색 표시하세요.\r\n■ “moral imagination”에 해당하는 어구에 모두 파란색 표시하세요.
5,2013,11,35,2013-11-35,[빈칸],■ “Humans who lived as hunter-gatherers”에 관한 어구에 모두 파란색 표시하세요.\r\n■ “Humans who lived as hunter-gatherers”와 반대개념에 관한 어구에 모두 빨간색 표시하세요.
2,2013,11,36,2013-11-36,[빈칸],■ “laying eggs”에 관한 어구에 모두 파란색 표시하세요.\r\n■ “pregnant birds”에 관한 어구에 모두 빨간색 표시하세요.
5,2013,11,37,2013-11-37,[연결사],■ “ability”의 주장에 해당하는 어구에 모두 빨간색 표시하세요.\r\n■ “motivated”에 해당하는 어구에 모두 파란색 표시하세요.
3,2013,11,38,2013-11-38,[순서],■ 이 글에서 앞 문장과의 연결고리가 될 수 있는 연결사를 찾아 세모표시하시고 대명사가 있으면 앞 문장의 무엇을 나타내는지 쓰세요.\r\n■ “timed”에 관한 어구에 모두 파란색 표시하세요.\r\n■ “deprived of regular intervals”에 관한 어구에 모두 빨간색 표시하세요.
4,2013,11,39,2013-11-39,[문장넣기],■ 이 글에서 앞 문장과의 연결고리가 될 수 있는 연결사를 찾아 세모표시하시고 대명사가 있으면 앞 문장의 무엇을 나타내는지 쓰세요.\r\n■ “Al-Khwarizmi”의 업적에 관한 어구에 모두 파란색 표시하세요.\r\n■ “아라비아 숫자가 탄생한 배경”을 나타낸 어구에 모두 빨간색 표시하세요.
2,2013,11,40,2013-11-40,[요약문완성],■ “excluded records”에 해당하는 어구에 모두 빨간색 표시하세요.\r\n■ “desirable”에 해당하는 어구에 모두 파란색 표시하세요.
1,2013,11,41,2013-11-41,[장문2],■ “because”에 해당하는 어구에 모두 빨간색 표시하세요.\r\n■ “justifies asking to jump ahead”에 해당하는 어구에 모두 파란색 표시하세요.
5,2013,11,42,2013-11-42,[장문2],
4,2013,11,43,2013-11-43,[장문3],■ she[her]이 될 수 있는 첫 번째 명사에 동그라미 표시하시고 she의 특징 혹은 행동에 대한 어구에 모두 빨간색 표시하세요.\r\n■ she[her]이  될 수 있는 두 번째 명사에 세모 표시하시고 she의 특징 혹은 행동에 대한 어구에 모두 파란색 표시하세요.\r\n■ 45번 보기의 내용을 본문에 모두 번호 표시하시고 일치 하지 않는 내용은 올바르게 고치세요.\r\n■ 이 글에서 앞 문장과의 연결고리가 될 수 있는 연결사를 찾아 세모 표시하시고 대명사가 있으면 앞 문장의 무엇을 나타내는지 쓰세요.
1,2013,11,44,2013-11-44,[장문3],
3,2013,11,45,2013-11-45,[장문3],
